<?xml version="1.0" encoding="ISO-8859-1" standalone="no" ?>
<hypoComplexe xmlns="http://www.rte-france.com/gsr" createur="gsradm" description="" dtCreation="13/10/2022 14:19" dtModif="13/10/2022 14:19" nom="Decision TOULOUSE SO 13 00171" type="151" xmlns:xsi="http://www.w3.org/2001/XMLSchema-instance">

  <hypothese type="53" xsi:type="HypoModifFixeTransfo">
    <applicIntervalle>
      <intervalle dateDeb="09/10/2017 01:30" dateFin="31/12/3000 23:59"/>
      <restriction heureDeb="0" heureFin="0" minuteDeb="0" minuteFin="0"/>
    </applicIntervalle>
    <description/>
    <ouvrage name="SSVICY631" typeId="name"/>
    <supprimerDephaseur>false</supprimerDephaseur>
    <Snominale>170.000000</Snominale>
    <lowStep>1</lowStep>
  </hypothese>

</hypoComplexe>
