<?xml version="1.0" encoding="ISO-8859-1" standalone="no" ?>
<hypoComplexe xmlns="http://www.rte-france.com/gsr" createur="gsradm" description="" dtCreation="13/10/2022 14:20" dtModif="13/10/2022 14:20" nom="Decision TOULOUSE SO-13-00061" type="151" xmlns:xsi="http://www.w3.org/2001/XMLSchema-instance">

  <hypothese type="52" xsi:type="HypoModifFixeLiaison">
    <applicIntervalle>
      <intervalle dateDeb="16/03/2021 01:30" dateFin="31/12/3000 23:59"/>
      <restriction heureDeb="0" heureFin="0" minuteDeb="0" minuteFin="0"/>
    </applicIntervalle>
    <description/>
    <ouvrage name="SSSULL31VLEMU" typeId="name"/>
    <seuilsSaisons>
      <seuilsSaison saison="ETE">
        <seuils imap="331.000000">
          <seuil position="0" tempo="60" valeur="439.000000"/>
        </seuils>
      </seuilsSaison>
      <seuilsSaison saison="INTERSAISON1">
        <seuils imap="392.000000">
          <seuil position="0" tempo="60" valeur="514.000000"/>
        </seuils>
      </seuilsSaison>
      <seuilsSaison saison="INTERSAISON2">
        <seuils imap="392.000000">
          <seuil position="0" tempo="60" valeur="514.000000"/>
        </seuils>
      </seuilsSaison>
      <seuilsSaison saison="HIVER1">
        <seuils imap="451.000000">
          <seuil position="0" tempo="60" valeur="564.000000"/>
        </seuils>
      </seuilsSaison>
      <seuilsSaison saison="HIVER2">
        <seuils imap="521.000000">
          <seuil position="0" tempo="60" valeur="599.000000"/>
        </seuils>
      </seuilsSaison>
    </seuilsSaisons>
    <supprimerDephaseur>false</supprimerDephaseur>
  </hypothese>

</hypoComplexe>
