<?xml version="1.0" encoding="ISO-8859-1" standalone="no" ?>
<hypoComplexe xmlns="http://www.rte-france.com/gsr" createur="gsradm" description="" dtCreation="13/10/2022 14:22" dtModif="13/10/2022 14:22" nom="Decision LILLE D-DI-CDI-LIL-SCET-19-00906" type="151" xmlns:xsi="http://www.w3.org/2001/XMLSchema-instance">

  <hypothese type="61" xsi:type="HypoModifVarLiaison">
    <applicIntervalle>
      <intervalle dateDeb="28/07/2023 01:01" dateFin="31/12/3000 23:59"/>
      <restriction heureDeb="0" heureFin="0" minuteDeb="0" minuteFin="0"/>
    </applicIntervalle>
    <description/>
    <ouvrage name="CZMELL31S.DAM" typeId="name"/>
    <resistance>0.280000</resistance>
    <reactance>0.790000</reactance>
    <demiSusceptOr>170.380008</demiSusceptOr>
    <demiSusceptEx>170.380008</demiSusceptEx>
  </hypothese>

</hypoComplexe>
