<?xml version="1.0" encoding="ISO-8859-1" standalone="no" ?>
<hypoComplexe xmlns="http://www.rte-france.com/gsr" createur="gsradm" description="" dtCreation="13/10/2022 14:20" dtModif="13/10/2022 14:20" nom="Decision LILLE D-DI-CDI-LIL-16-1457" type="151" xmlns:xsi="http://www.w3.org/2001/XMLSchema-instance">

  <hypothese type="59" typeId="name" xsi:type="HypoModifTopolDetPoste">
    <applicIntervalle>
      <intervalle dateDeb="31/01/2022 00:30" dateFin="31/12/3000 23:59"/>
      <restriction heureDeb="0" heureFin="0" minuteDeb="0" minuteFin="0"/>
    </applicIntervalle>
    <description/>
    <ouvrage name="ASTURP6" typeId="name"/>
    <ajoutDjTjb1 name="1" typeId="name"/>
    <ajoutDjTjb2 name="2" typeId="name"/>
    <departs/>
    <tjbs/>
    <senss/>
    <ajoutJdb>0</ajoutJdb>
    <nommageOCAjoutJdb>1</nommageOCAjoutJdb>
  </hypothese>

</hypoComplexe>
