<?xml version="1.0" encoding="ISO-8859-1" standalone="no" ?>
<hypoComplexe xmlns="http://www.rte-france.com/gsr" createur="gsradm" description="" dtCreation="13/10/2022 14:19" dtModif="13/10/2022 14:19" nom="Structure CDI TOULOUSE des ouvrages mcs" type="19" xmlns:xsi="http://www.w3.org/2001/XMLSchema-instance">

  <hypothese type="57" xsi:type="HypoModifFixeMcs">
    <applicIntervalle>
      <intervalle dateDeb="05/10/2018 01:30" dateFin="31/12/3000 23:59"/>
      <restriction heureDeb="0" heureFin="0" minuteDeb="0" minuteFin="0"/>
    </applicIntervalle>
    <description/>
    <ouvrage name="ARGIA1REAC.2" typeId="name"/>
    <qMax>-64.000000</qMax>
  </hypothese>

  <hypothese type="57" xsi:type="HypoModifFixeMcs">
    <applicIntervalle>
      <intervalle dateDeb="01/05/2019 01:30" dateFin="31/12/3000 23:59"/>
      <restriction heureDeb="0" heureFin="0" minuteDeb="0" minuteFin="0"/>
    </applicIntervalle>
    <description/>
    <ouvrage name="GUPIE6REAC.1" typeId="name"/>
    <qMax>-80.000000</qMax>
  </hypothese>

  <hypothese type="57" xsi:type="HypoModifFixeMcs">
    <applicIntervalle>
      <intervalle dateDeb="01/05/2019 01:30" dateFin="31/12/3000 23:59"/>
      <restriction heureDeb="0" heureFin="0" minuteDeb="0" minuteFin="0"/>
    </applicIntervalle>
    <description/>
    <ouvrage name="SANIL6REAC.1" typeId="name"/>
    <qMax>-80.000000</qMax>
  </hypothese>

  <hypothese type="57" xsi:type="HypoModifFixeMcs">
    <applicIntervalle>
      <intervalle dateDeb="02/04/2020 01:30" dateFin="31/12/3000 23:59"/>
      <restriction heureDeb="0" heureFin="0" minuteDeb="0" minuteFin="0"/>
    </applicIntervalle>
    <description/>
    <ouvrage name="LACAN3REAC.1" typeId="name"/>
    <qMax>-15.000000</qMax>
  </hypothese>

  <hypothese type="57" xsi:type="HypoModifFixeMcs">
    <applicIntervalle>
      <intervalle dateDeb="23/04/2020 01:30" dateFin="31/12/3000 23:59"/>
      <restriction heureDeb="0" heureFin="0" minuteDeb="0" minuteFin="0"/>
    </applicIntervalle>
    <description/>
    <ouvrage name="TALAM6REAC.1" typeId="name"/>
    <qMax>-80.000000</qMax>
  </hypothese>

  <hypothese type="57" xsi:type="HypoModifFixeMcs">
    <applicIntervalle>
      <intervalle dateDeb="29/04/2020 01:30" dateFin="31/12/3000 23:59"/>
      <restriction heureDeb="0" heureFin="0" minuteDeb="0" minuteFin="0"/>
    </applicIntervalle>
    <description/>
    <ouvrage name="BARBO3REAC.1" typeId="name"/>
    <qMax>-15.000000</qMax>
  </hypothese>

  <hypothese type="57" xsi:type="HypoModifFixeMcs">
    <applicIntervalle>
      <intervalle dateDeb="15/05/2020 01:30" dateFin="31/12/3000 23:59"/>
      <restriction heureDeb="0" heureFin="0" minuteDeb="0" minuteFin="0"/>
    </applicIntervalle>
    <description/>
    <ouvrage name="NAVA53REAC.1" typeId="name"/>
    <qMax>-15.000000</qMax>
  </hypothese>

  <hypothese type="57" xsi:type="HypoModifFixeMcs">
    <applicIntervalle>
      <intervalle dateDeb="22/05/2020 01:30" dateFin="31/12/3000 23:59"/>
      <restriction heureDeb="0" heureFin="0" minuteDeb="0" minuteFin="0"/>
    </applicIntervalle>
    <description/>
    <ouvrage name="MAURE6REAC.1" typeId="name"/>
    <qMax>-80.000000</qMax>
  </hypothese>

</hypoComplexe>
