<?xml version="1.0" encoding="ISO-8859-1" standalone="no" ?>
<hypoComplexe xmlns="http://www.rte-france.com/gsr" createur="gsradm" description="" dtCreation="13/10/2022 14:20" dtModif="13/10/2022 14:20" nom="Decision LILLE D-CDI-LIL-SLAS-19-00780" type="151" xmlns:xsi="http://www.w3.org/2001/XMLSchema-instance">

  <hypothese type="56" xsi:type="HypoModifFixeGroupe">
    <applicIntervalle>
      <intervalle dateDeb="06/05/2020 01:30" dateFin="06/05/2040 23:59"/>
      <restriction heureDeb="0" heureFin="0" minuteDeb="0" minuteFin="0"/>
    </applicIntervalle>
    <description/>
    <ouvrage name="D.BRU.TG6" typeId="name"/>
    <xTransitoire>983.956177</xTransitoire>
    <xTransfo>101.250000</xTransfo>
    <qMaxPMax>5.380000</qMaxPMax>
    <qMaxPMin>5.040000</qMaxPMin>
    <qMinPMax>-5.880000</qMinPMax>
    <qMinPMin>-4.700000</qMinPMin>
    <uMax>245.000000</uMax>
    <uMin>200.000000</uMin>
    <pMax>16.799999</pMax>
    <pMin>0.000000</pMin>
  </hypothese>

  <hypothese type="56" xsi:type="HypoModifFixeGroupe">
    <applicIntervalle>
      <intervalle dateDeb="06/05/2020 01:30" dateFin="06/05/2040 23:59"/>
      <restriction heureDeb="0" heureFin="0" minuteDeb="0" minuteFin="0"/>
    </applicIntervalle>
    <description/>
    <ouvrage name="D.BRU.TG7" typeId="name"/>
    <xTransitoire>1967.912354</xTransitoire>
    <xTransfo>101.250000</xTransfo>
    <qMaxPMax>2.690000</qMaxPMax>
    <qMaxPMin>2.520000</qMaxPMin>
    <qMinPMax>-2.940000</qMinPMax>
    <qMinPMin>-2.350000</qMinPMin>
    <uMax>245.000000</uMax>
    <uMin>200.000000</uMin>
    <pMax>8.400000</pMax>
    <pMin>0.000000</pMin>
  </hypothese>

  <hypothese type="56" xsi:type="HypoModifFixeGroupe">
    <applicIntervalle>
      <intervalle dateDeb="06/05/2020 01:30" dateFin="06/05/2040 23:59"/>
      <restriction heureDeb="0" heureFin="0" minuteDeb="0" minuteFin="0"/>
    </applicIntervalle>
    <description/>
    <ouvrage name="D.BRU.TG8" typeId="name"/>
    <xTransitoire>787.164917</xTransitoire>
    <xTransfo>101.250000</xTransfo>
    <qMaxPMax>6.720000</qMaxPMax>
    <qMaxPMin>6.300000</qMaxPMin>
    <qMinPMax>-7.350000</qMinPMax>
    <qMinPMin>-5.880000</qMinPMin>
    <uMax>245.000000</uMax>
    <uMin>200.000000</uMin>
    <pMax>21.000000</pMax>
    <pMin>0.000000</pMin>
  </hypothese>

  <hypothese type="56" xsi:type="HypoModifFixeGroupe">
    <applicIntervalle>
      <intervalle dateDeb="06/05/2020 03:00" dateFin="06/05/2040 23:59"/>
      <restriction heureDeb="0" heureFin="0" minuteDeb="0" minuteFin="0"/>
    </applicIntervalle>
    <description/>
    <ouvrage name="D.BRU.TG6" typeId="name"/>
    <xTransitoire>983.956177</xTransitoire>
    <xTransfo>101.250000</xTransfo>
    <qMaxPMax>5.380000</qMaxPMax>
    <qMaxPMin>5.040000</qMaxPMin>
    <qMinPMax>-5.880000</qMinPMax>
    <qMinPMin>-4.700000</qMinPMin>
    <uMax>245.000000</uMax>
    <uMin>200.000000</uMin>
    <pMax>16.799999</pMax>
    <pMin>0.000000</pMin>
  </hypothese>

  <hypothese type="56" xsi:type="HypoModifFixeGroupe">
    <applicIntervalle>
      <intervalle dateDeb="06/05/2020 03:00" dateFin="06/05/2040 23:59"/>
      <restriction heureDeb="0" heureFin="0" minuteDeb="0" minuteFin="0"/>
    </applicIntervalle>
    <description/>
    <ouvrage name="D.BRU.TG7" typeId="name"/>
    <xTransitoire>1967.912354</xTransitoire>
    <xTransfo>101.250000</xTransfo>
    <qMaxPMax>2.690000</qMaxPMax>
    <qMaxPMin>2.520000</qMaxPMin>
    <qMinPMax>-2.940000</qMinPMax>
    <qMinPMin>-2.350000</qMinPMin>
    <uMax>245.000000</uMax>
    <uMin>200.000000</uMin>
    <pMax>8.400000</pMax>
    <pMin>0.000000</pMin>
  </hypothese>

  <hypothese type="56" xsi:type="HypoModifFixeGroupe">
    <applicIntervalle>
      <intervalle dateDeb="06/05/2020 03:00" dateFin="06/05/2040 23:59"/>
      <restriction heureDeb="0" heureFin="0" minuteDeb="0" minuteFin="0"/>
    </applicIntervalle>
    <description/>
    <ouvrage name="D.BRU.TG8" typeId="name"/>
    <xTransitoire>787.164917</xTransitoire>
    <xTransfo>101.250000</xTransfo>
    <qMaxPMax>6.720000</qMaxPMax>
    <qMaxPMin>6.300000</qMaxPMin>
    <qMinPMax>-7.350000</qMinPMax>
    <qMinPMin>-5.880000</qMinPMin>
    <uMax>245.000000</uMax>
    <uMin>200.000000</uMin>
    <pMax>21.000000</pMax>
    <pMin>0.000000</pMin>
  </hypothese>

  <hypothese type="56" xsi:type="HypoModifFixeGroupe">
    <applicIntervalle>
      <intervalle dateDeb="15/12/2021 01:30" dateFin="06/05/2040 23:59"/>
      <restriction heureDeb="0" heureFin="0" minuteDeb="0" minuteFin="0"/>
    </applicIntervalle>
    <description/>
    <ouvrage name="D.BRU.TG5" typeId="name"/>
    <xTransitoire>983.956177</xTransitoire>
    <xTransfo>101.250000</xTransfo>
    <qMaxPMax>5.380000</qMaxPMax>
    <qMaxPMin>5.040000</qMaxPMin>
    <qMinPMax>-5.880000</qMinPMax>
    <qMinPMin>-4.700000</qMinPMin>
    <uMax>245.000000</uMax>
    <uMin>200.000000</uMin>
    <pMax>16.799999</pMax>
    <pMin>0.000000</pMin>
  </hypothese>

  <hypothese type="56" xsi:type="HypoModifFixeGroupe">
    <applicIntervalle>
      <intervalle dateDeb="15/12/2021 03:00" dateFin="06/05/2040 23:59"/>
      <restriction heureDeb="0" heureFin="0" minuteDeb="0" minuteFin="0"/>
    </applicIntervalle>
    <description/>
    <ouvrage name="D.BRU.TG5" typeId="name"/>
    <xTransitoire>983.956177</xTransitoire>
    <xTransfo>101.250000</xTransfo>
    <qMaxPMax>5.380000</qMaxPMax>
    <qMaxPMin>5.040000</qMaxPMin>
    <qMinPMax>-5.880000</qMinPMax>
    <qMinPMin>-4.700000</qMinPMin>
    <uMax>245.000000</uMax>
    <uMin>200.000000</uMin>
    <pMax>16.799999</pMax>
    <pMin>0.000000</pMin>
  </hypothese>

</hypoComplexe>
