<?xml version="1.0" encoding="ISO-8859-1" standalone="no" ?>
<hypoComplexe xmlns="http://www.rte-france.com/gsr" createur="gsradm" description="" dtCreation="13/10/2022 14:22" dtModif="13/10/2022 14:22" nom="Decision LILLE D-DI-CDI-LIL-21- 00985" type="151" xmlns:xsi="http://www.w3.org/2001/XMLSchema-instance">

  <hypothese type="52" xsi:type="HypoModifFixeLiaison">
    <applicIntervalle>
      <intervalle dateDeb="31/03/2023 01:03" dateFin="31/12/3000 23:59"/>
      <restriction heureDeb="0" heureFin="0" minuteDeb="0" minuteFin="0"/>
    </applicIntervalle>
    <description/>
    <ouvrage name="MORU L61ZF.RO" typeId="name"/>
    <seuilsSaisons>
      <seuilsSaison saison="ETE">
        <seuils imap="1172.000000">
          <seuil position="0" tempo="1200" valeur="1172.000000"/>
          <seuil position="0" tempo="600" valeur="1521.000000"/>
          <seuil position="0" tempo="60" valeur="1775.000000"/>
        </seuils>
      </seuilsSaison>
      <seuilsSaison saison="INTERSAISON1">
        <seuils imap="1285.000000">
          <seuil position="0" tempo="1200" valeur="1285.000000"/>
          <seuil position="0" tempo="600" valeur="1660.000000"/>
          <seuil position="0" tempo="60" valeur="1943.000000"/>
        </seuils>
      </seuilsSaison>
      <seuilsSaison saison="INTERSAISON2">
        <seuils imap="1285.000000">
          <seuil position="0" tempo="1200" valeur="1285.000000"/>
          <seuil position="0" tempo="600" valeur="1660.000000"/>
          <seuil position="0" tempo="60" valeur="1943.000000"/>
        </seuils>
      </seuilsSaison>
      <seuilsSaison saison="HIVER1">
        <seuils imap="1388.000000">
          <seuil position="0" tempo="1200" valeur="1388.000000"/>
          <seuil position="0" tempo="600" valeur="1774.000000"/>
          <seuil position="0" tempo="60" valeur="2080.000000"/>
        </seuils>
      </seuilsSaison>
      <seuilsSaison saison="HIVER2">
        <seuils imap="1474.000000">
          <seuil position="0" tempo="1200" valeur="1474.000000"/>
          <seuil position="0" tempo="600" valeur="1902.000000"/>
          <seuil position="0" tempo="60" valeur="2241.000000"/>
        </seuils>
      </seuilsSaison>
    </seuilsSaisons>
    <supprimerDephaseur>false</supprimerDephaseur>
  </hypothese>

</hypoComplexe>
