<?xml version="1.0" encoding="ISO-8859-1" standalone="no" ?>
<hypoComplexe xmlns="http://www.rte-france.com/gsr" createur="gsradm" description="" dtCreation="13/10/2022 14:21" dtModif="13/10/2022 14:21" nom="Decision LILLE D-DI-CDI-LIL-SCC-20-00475" type="151" xmlns:xsi="http://www.w3.org/2001/XMLSchema-instance">

  <hypothese type="7" xsi:type="HypoCreatPoste">
    <applicIntervalle>
      <intervalle dateDeb="15/03/2022 00:00" dateFin="31/12/3000 23:59"/>
      <restriction heureDeb="0" heureFin="0" minuteDeb="0" minuteFin="0"/>
    </applicIntervalle>
    <description/>
    <ouvrage name="TUPIGP3" typeId="name"/>
    <nbJeuxBarres>1</nbJeuxBarres>
    <nbSectJdb>1</nbSectJdb>
    <region name="LILLE" typeId="name"/>
    <regionDI>LILLE</regionDI>
    <zoneDI>24_fr</zoneDI>
    <pays name="FRANCE" typeId="name"/>
    <tensionNominale>63.000000</tensionNominale>
    <tensMax>68.000000</tensMax>
    <tensMin>58.000000</tensMin>
    <iccMax>9999.000000</iccMax>
    <iccMin>0.000000</iccMin>
    <seuilsHauts/>
    <seuilsBas/>
    <nodal>0</nodal>
    <creerCouplTroncon>false</creerCouplTroncon>
  </hypothese>

  <hypothese type="7" xsi:type="HypoCreatPoste">
    <applicIntervalle>
      <intervalle dateDeb="15/03/2022 00:00" dateFin="31/12/3000 23:59"/>
      <restriction heureDeb="0" heureFin="0" minuteDeb="0" minuteFin="0"/>
    </applicIntervalle>
    <description/>
    <ouvrage name="ZTUPIP3" typeId="name"/>
    <nbJeuxBarres>1</nbJeuxBarres>
    <nbSectJdb>1</nbSectJdb>
    <region name="LILLE" typeId="name"/>
    <regionDI>LILLE</regionDI>
    <zoneDI>24_fr</zoneDI>
    <pays name="FRANCE" typeId="name"/>
    <tensionNominale>63.000000</tensionNominale>
    <tensMax>68.000000</tensMax>
    <tensMin>58.000000</tensMin>
    <iccMax>9999.000000</iccMax>
    <iccMin>0.000000</iccMin>
    <seuilsHauts/>
    <seuilsBas/>
    <nodal>0</nodal>
    <creerCouplTroncon>false</creerCouplTroncon>
  </hypothese>

  <hypothese type="16" xsi:type="HypoSupprLiaison">
    <applicIntervalle>
      <intervalle dateDeb="15/03/2022 00:00" dateFin="31/12/3000 23:59"/>
      <restriction heureDeb="0" heureFin="0" minuteDeb="0" minuteFin="0"/>
    </applicIntervalle>
    <description/>
    <ouvrage name="BOHAIL31BOUE" typeId="name"/>
  </hypothese>

  <hypothese type="10" xsi:type="HypoCreatLiaison">
    <applicIntervalle>
      <intervalle dateDeb="15/03/2022 01:00" dateFin="31/12/3000 23:59"/>
      <restriction heureDeb="0" heureFin="0" minuteDeb="0" minuteFin="0"/>
    </applicIntervalle>
    <description/>
    <ouvrage name="BOHAIL31ZTUPI" typeId="name"/>
    <sensDepartOr>0</sensDepartOr>
    <sensDepartEx>0</sensDepartEx>
    <seuilsSaisons>
      <seuilsSaison saison="ETE">
        <seuils imap="0.000000"/>
      </seuilsSaison>
      <seuilsSaison saison="INTERSAISON1">
        <seuils imap="0.000000"/>
      </seuilsSaison>
      <seuilsSaison saison="INTERSAISON2">
        <seuils imap="0.000000"/>
      </seuilsSaison>
      <seuilsSaison saison="HIVER1">
        <seuils imap="0.000000"/>
      </seuilsSaison>
      <seuilsSaison saison="HIVER2">
        <seuils imap="0.000000"/>
      </seuilsSaison>
    </seuilsSaisons>
    <supprimerDephaseur>false</supprimerDephaseur>
    <numOrdre>1</numOrdre>
    <sjbOr name="1.2" typeId="name"/>
    <sjbEx name="1.1" typeId="name"/>
    <nomPostOr name="BOHAIP3" typeId="name"/>
    <nomPostEx name="ZTUPIP3" typeId="name"/>
    <connecte>true</connecte>
    <creerDisjOr>true</creerDisjOr>
    <creerDisjEx>false</creerDisjEx>
    <hypVarLiais>
      <hypothese type="61" xsi:type="HypoModifVarLiaison">
        <description/>
        <ouvrage name="BOHAIL31ZTUPI" typeId="name"/>
        <resistance>0.000000</resistance>
        <reactance>0.000000</reactance>
        <demiSusceptOr>0.000000</demiSusceptOr>
        <demiSusceptEx>0.000000</demiSusceptEx>
        <conductOr>0.000000</conductOr>
        <conductEx>0.000000</conductEx>
        <saison>HIVER1</saison>
      </hypothese>
    </hypVarLiais>
  </hypothese>

  <hypothese type="10" xsi:type="HypoCreatLiaison">
    <applicIntervalle>
      <intervalle dateDeb="15/03/2022 01:00" dateFin="31/12/3000 23:59"/>
      <restriction heureDeb="0" heureFin="0" minuteDeb="0" minuteFin="0"/>
    </applicIntervalle>
    <description/>
    <ouvrage name="BOUE L31ZTUPI" typeId="name"/>
    <sensDepartOr>0</sensDepartOr>
    <sensDepartEx>0</sensDepartEx>
    <seuilsSaisons>
      <seuilsSaison saison="ETE">
        <seuils imap="0.000000"/>
      </seuilsSaison>
      <seuilsSaison saison="INTERSAISON1">
        <seuils imap="0.000000"/>
      </seuilsSaison>
      <seuilsSaison saison="INTERSAISON2">
        <seuils imap="0.000000"/>
      </seuilsSaison>
      <seuilsSaison saison="HIVER1">
        <seuils imap="0.000000"/>
      </seuilsSaison>
      <seuilsSaison saison="HIVER2">
        <seuils imap="0.000000"/>
      </seuilsSaison>
    </seuilsSaisons>
    <supprimerDephaseur>false</supprimerDephaseur>
    <numOrdre>1</numOrdre>
    <sjbOr name="1.2" typeId="name"/>
    <sjbEx name="1.1" typeId="name"/>
    <nomPostOr name="BOUE P3" typeId="name"/>
    <nomPostEx name="ZTUPIP3" typeId="name"/>
    <connecte>true</connecte>
    <creerDisjOr>true</creerDisjOr>
    <creerDisjEx>false</creerDisjEx>
    <hypVarLiais>
      <hypothese type="61" xsi:type="HypoModifVarLiaison">
        <description/>
        <ouvrage name="BOUE L31ZTUPI" typeId="name"/>
        <resistance>0.000000</resistance>
        <reactance>0.000000</reactance>
        <demiSusceptOr>0.000000</demiSusceptOr>
        <demiSusceptEx>0.000000</demiSusceptEx>
        <conductOr>0.000000</conductOr>
        <conductEx>0.000000</conductEx>
        <saison>HIVER1</saison>
      </hypothese>
    </hypVarLiais>
  </hypothese>

  <hypothese type="10" xsi:type="HypoCreatLiaison">
    <applicIntervalle>
      <intervalle dateDeb="15/03/2022 01:00" dateFin="31/12/3000 23:59"/>
      <restriction heureDeb="0" heureFin="0" minuteDeb="0" minuteFin="0"/>
    </applicIntervalle>
    <description/>
    <ouvrage name="TUPIGL31ZTUPI" typeId="name"/>
    <sensDepartOr>0</sensDepartOr>
    <sensDepartEx>0</sensDepartEx>
    <seuilsSaisons>
      <seuilsSaison saison="ETE">
        <seuils imap="0.000000"/>
      </seuilsSaison>
      <seuilsSaison saison="INTERSAISON1">
        <seuils imap="0.000000"/>
      </seuilsSaison>
      <seuilsSaison saison="INTERSAISON2">
        <seuils imap="0.000000"/>
      </seuilsSaison>
      <seuilsSaison saison="HIVER1">
        <seuils imap="0.000000"/>
      </seuilsSaison>
      <seuilsSaison saison="HIVER2">
        <seuils imap="0.000000"/>
      </seuilsSaison>
    </seuilsSaisons>
    <supprimerDephaseur>false</supprimerDephaseur>
    <numOrdre>1</numOrdre>
    <sjbOr name="1.1" typeId="name"/>
    <sjbEx name="1.1" typeId="name"/>
    <nomPostOr name="TUPIGP3" typeId="name"/>
    <nomPostEx name="ZTUPIP3" typeId="name"/>
    <connecte>true</connecte>
    <creerDisjOr>true</creerDisjOr>
    <creerDisjEx>false</creerDisjEx>
    <hypVarLiais>
      <hypothese type="61" xsi:type="HypoModifVarLiaison">
        <description/>
        <ouvrage name="TUPIGL31ZTUPI" typeId="name"/>
        <resistance>0.000000</resistance>
        <reactance>0.000000</reactance>
        <demiSusceptOr>0.000000</demiSusceptOr>
        <demiSusceptEx>0.000000</demiSusceptEx>
        <conductOr>0.000000</conductOr>
        <conductEx>0.000000</conductEx>
        <saison>HIVER1</saison>
      </hypothese>
    </hypVarLiais>
  </hypothese>

  <hypothese type="52" xsi:type="HypoModifFixeLiaison">
    <applicIntervalle>
      <intervalle dateDeb="15/03/2022 01:03" dateFin="31/12/3000 23:59"/>
      <restriction heureDeb="0" heureFin="0" minuteDeb="0" minuteFin="0"/>
    </applicIntervalle>
    <description/>
    <ouvrage name="BOHAIL31ZTUPI" typeId="name"/>
    <seuilsSaisons>
      <seuilsSaison saison="ETE">
        <seuils imap="364.000000">
          <seuil position="0" tempo="60" valeur="472.000000"/>
        </seuils>
      </seuilsSaison>
      <seuilsSaison saison="INTERSAISON1">
        <seuils imap="432.000000">
          <seuil position="0" tempo="60" valeur="567.000000"/>
        </seuils>
      </seuilsSaison>
      <seuilsSaison saison="INTERSAISON2">
        <seuils imap="432.000000">
          <seuil position="0" tempo="60" valeur="567.000000"/>
        </seuils>
      </seuilsSaison>
      <seuilsSaison saison="HIVER1">
        <seuils imap="500.000000">
          <seuil position="0" tempo="60" valeur="629.000000"/>
        </seuils>
      </seuilsSaison>
      <seuilsSaison saison="HIVER2">
        <seuils imap="573.000000">
          <seuil position="0" tempo="60" valeur="724.000000"/>
        </seuils>
      </seuilsSaison>
    </seuilsSaisons>
    <supprimerDephaseur>false</supprimerDephaseur>
  </hypothese>

  <hypothese type="52" xsi:type="HypoModifFixeLiaison">
    <applicIntervalle>
      <intervalle dateDeb="15/03/2022 01:03" dateFin="31/12/3000 23:59"/>
      <restriction heureDeb="0" heureFin="0" minuteDeb="0" minuteFin="0"/>
    </applicIntervalle>
    <description/>
    <ouvrage name="BOUE L31ZTUPI" typeId="name"/>
    <seuilsSaisons>
      <seuilsSaison saison="ETE">
        <seuils imap="364.000000">
          <seuil position="0" tempo="60" valeur="472.000000"/>
        </seuils>
      </seuilsSaison>
      <seuilsSaison saison="INTERSAISON1">
        <seuils imap="432.000000">
          <seuil position="0" tempo="60" valeur="567.000000"/>
        </seuils>
      </seuilsSaison>
      <seuilsSaison saison="INTERSAISON2">
        <seuils imap="432.000000">
          <seuil position="0" tempo="60" valeur="567.000000"/>
        </seuils>
      </seuilsSaison>
      <seuilsSaison saison="HIVER1">
        <seuils imap="500.000000">
          <seuil position="0" tempo="60" valeur="629.000000"/>
        </seuils>
      </seuilsSaison>
      <seuilsSaison saison="HIVER2">
        <seuils imap="573.000000">
          <seuil position="0" tempo="60" valeur="724.000000"/>
        </seuils>
      </seuilsSaison>
    </seuilsSaisons>
    <supprimerDephaseur>false</supprimerDephaseur>
  </hypothese>

  <hypothese type="52" xsi:type="HypoModifFixeLiaison">
    <applicIntervalle>
      <intervalle dateDeb="15/03/2022 01:03" dateFin="31/12/3000 23:59"/>
      <restriction heureDeb="0" heureFin="0" minuteDeb="0" minuteFin="0"/>
    </applicIntervalle>
    <description/>
    <ouvrage name="TUPIGL31ZTUPI" typeId="name"/>
    <seuilsSaisons>
      <seuilsSaison saison="ETE">
        <seuils imap="364.000000">
          <seuil position="0" tempo="60" valeur="472.000000"/>
        </seuils>
      </seuilsSaison>
      <seuilsSaison saison="INTERSAISON1">
        <seuils imap="432.000000">
          <seuil position="0" tempo="60" valeur="567.000000"/>
        </seuils>
      </seuilsSaison>
      <seuilsSaison saison="INTERSAISON2">
        <seuils imap="432.000000">
          <seuil position="0" tempo="60" valeur="567.000000"/>
        </seuils>
      </seuilsSaison>
      <seuilsSaison saison="HIVER1">
        <seuils imap="500.000000">
          <seuil position="0" tempo="60" valeur="629.000000"/>
        </seuils>
      </seuilsSaison>
      <seuilsSaison saison="HIVER2">
        <seuils imap="573.000000">
          <seuil position="0" tempo="60" valeur="724.000000"/>
        </seuils>
      </seuilsSaison>
    </seuilsSaisons>
    <supprimerDephaseur>false</supprimerDephaseur>
  </hypothese>

  <hypothese type="8" xsi:type="HypoCreatGroupe">
    <applicIntervalle>
      <intervalle dateDeb="15/03/2022 02:00" dateFin="31/12/3000 23:59"/>
      <restriction heureDeb="0" heureFin="0" minuteDeb="0" minuteFin="0"/>
    </applicIntervalle>
    <description/>
    <ouvrage name="TUPIGE01" typeId="name"/>
    <sensDepartOr>0</sensDepartOr>
    <type>0</type>
    <genre>9</genre>
    <rattachement>0</rattachement>
    <statut>1</statut>
    <xTransitoire>-9999.000000</xTransitoire>
    <xTransfo>0.000000</xTransfo>
    <qMaxPMax>0.000000</qMaxPMax>
    <qMaxPMin>0.000000</qMaxPMin>
    <qMinPMax>0.000000</qMinPMax>
    <qMinPMin>0.000000</qMinPMin>
    <uMax>68.000000</uMax>
    <uMin>58.000000</uMin>
    <pMax>30.000000</pMax>
    <pMin>0.000000</pMin>
    <statismeRPF>4.000000</statismeRPF>
    <nomPoste name="TUPIGP3" typeId="name"/>
    <sjb name="1.1" typeId="name"/>
    <disj2>false</disj2>
    <connecte>true</connecte>
    <hypVarGroupe>
      <hypothese type="65" xsi:type="HypoModifVarGroupe">
        <description/>
        <ouvrage name="TUPIGE01" typeId="name"/>
        <pMax>30.000000</pMax>
        <pMin>0.000000</pMin>
        <pLim>30.000000</pLim>
        <consTensStator>63.000000</consTensStator>
        <statismeRPF>4.000000</statismeRPF>
        <consPuissEff>0.000000</consPuissEff>
        <pImposee>-9999.000000</pImposee>
      </hypothese>
    </hypVarGroupe>
  </hypothese>

  <hypothese type="61" xsi:type="HypoModifVarLiaison">
    <applicIntervalle>
      <intervalle dateDeb="15/03/2022 01:01" dateFin="31/12/3000 23:59"/>
      <restriction heureDeb="0" heureFin="0" minuteDeb="0" minuteFin="0"/>
    </applicIntervalle>
    <description/>
    <ouvrage name="BOHAIL31ZTUPI" typeId="name"/>
    <resistance>1.910000</resistance>
    <reactance>4.350000</reactance>
    <demiSusceptOr>15.080000</demiSusceptOr>
    <demiSusceptEx>14.890001</demiSusceptEx>
  </hypothese>

  <hypothese type="61" xsi:type="HypoModifVarLiaison">
    <applicIntervalle>
      <intervalle dateDeb="15/03/2022 01:01" dateFin="31/12/3000 23:59"/>
      <restriction heureDeb="0" heureFin="0" minuteDeb="0" minuteFin="0"/>
    </applicIntervalle>
    <description/>
    <ouvrage name="BOUE L31ZTUPI" typeId="name"/>
    <resistance>1.590000</resistance>
    <reactance>3.560000</reactance>
    <demiSusceptOr>12.230000</demiSusceptOr>
    <demiSusceptEx>12.220000</demiSusceptEx>
  </hypothese>

</hypoComplexe>
