<?xml version="1.0" encoding="ISO-8859-1" standalone="no" ?>
<hypoComplexe xmlns="http://www.rte-france.com/gsr" createur="gsradm" description="" dtCreation="13/10/2022 14:19" dtModif="13/10/2022 14:19" nom="Etat CDI LILLE des ouvrages ligne" type="20" xmlns:xsi="http://www.w3.org/2001/XMLSchema-instance">

  <hypothese type="61" xsi:type="HypoModifVarLiaison">
    <applicIntervalle>
      <intervalle dateDeb="15/09/2020 01:30" dateFin="31/12/3000 23:59"/>
      <restriction heureDeb="0" heureFin="0" minuteDeb="0" minuteFin="0"/>
    </applicIntervalle>
    <description/>
    <ouvrage name="DECHYL61GAVRE" typeId="name"/>
    <resistance>2.340000</resistance>
    <reactance>11.590000</reactance>
    <demiSusceptOr>40.110001</demiSusceptOr>
    <demiSusceptEx>54.270000</demiSusceptEx>
  </hypothese>

  <hypothese type="61" xsi:type="HypoModifVarLiaison">
    <applicIntervalle>
      <intervalle dateDeb="15/09/2020 01:30" dateFin="31/12/3000 23:59"/>
      <restriction heureDeb="0" heureFin="0" minuteDeb="0" minuteFin="0"/>
    </applicIntervalle>
    <description/>
    <ouvrage name="DECHYL61GAVRE" typeId="name"/>
    <resistance>2.150000</resistance>
    <reactance>10.380000</reactance>
    <demiSusceptOr>35.759997</demiSusceptOr>
    <demiSusceptEx>49.849998</demiSusceptEx>
  </hypothese>

  <hypothese type="61" xsi:type="HypoModifVarLiaison">
    <applicIntervalle>
      <intervalle dateDeb="15/03/2022 01:01" dateFin="31/12/3000 23:59"/>
      <restriction heureDeb="0" heureFin="0" minuteDeb="0" minuteFin="0"/>
    </applicIntervalle>
    <description/>
    <ouvrage name="TUPIGL31ZTUPI" typeId="name"/>
    <resistance>0.010000</resistance>
    <reactance>0.020000</reactance>
    <demiSusceptOr>0.070000</demiSusceptOr>
    <demiSusceptEx>0.070000</demiSusceptEx>
  </hypothese>

  <hypothese type="61" xsi:type="HypoModifVarLiaison">
    <applicIntervalle>
      <intervalle dateDeb="31/08/2022 01:01" dateFin="31/12/3000 23:59"/>
      <restriction heureDeb="0" heureFin="0" minuteDeb="0" minuteFin="0"/>
    </applicIntervalle>
    <description/>
    <ouvrage name="DOUVRL61PLACH" typeId="name"/>
    <resistance>0.100000</resistance>
    <reactance>0.440000</reactance>
    <demiSusceptOr>1.470000</demiSusceptOr>
    <demiSusceptEx>1.470000</demiSusceptEx>
  </hypothese>

  <hypothese type="61" xsi:type="HypoModifVarLiaison">
    <applicIntervalle>
      <intervalle dateDeb="31/08/2022 01:01" dateFin="31/12/3000 23:59"/>
      <restriction heureDeb="0" heureFin="0" minuteDeb="0" minuteFin="0"/>
    </applicIntervalle>
    <description/>
    <ouvrage name="DOUVRL61ZPLAC" typeId="name"/>
    <resistance>0.090000</resistance>
    <reactance>0.400000</reactance>
    <demiSusceptOr>1.320000</demiSusceptOr>
    <demiSusceptEx>1.320000</demiSusceptEx>
  </hypothese>

  <hypothese type="61" xsi:type="HypoModifVarLiaison">
    <applicIntervalle>
      <intervalle dateDeb="31/08/2022 01:01" dateFin="31/12/3000 23:59"/>
      <restriction heureDeb="0" heureFin="0" minuteDeb="0" minuteFin="0"/>
    </applicIntervalle>
    <description/>
    <ouvrage name="LESTAL61ZPLAC" typeId="name"/>
    <resistance>0.080000</resistance>
    <reactance>0.350000</reactance>
    <demiSusceptOr>1.150000</demiSusceptOr>
    <demiSusceptEx>1.150000</demiSusceptEx>
  </hypothese>

  <hypothese type="61" xsi:type="HypoModifVarLiaison">
    <applicIntervalle>
      <intervalle dateDeb="31/08/2022 01:01" dateFin="31/12/3000 23:59"/>
      <restriction heureDeb="0" heureFin="0" minuteDeb="0" minuteFin="0"/>
    </applicIntervalle>
    <description/>
    <ouvrage name="PLACHL61ZPLAC" typeId="name"/>
    <resistance>0.010000</resistance>
    <reactance>0.030000</reactance>
    <demiSusceptOr>0.110000</demiSusceptOr>
    <demiSusceptEx>0.110000</demiSusceptEx>
  </hypothese>

  <hypothese type="61" xsi:type="HypoModifVarLiaison">
    <applicIntervalle>
      <intervalle dateDeb="19/02/2023 01:01" dateFin="31/12/3000 23:59"/>
      <restriction heureDeb="0" heureFin="0" minuteDeb="0" minuteFin="0"/>
    </applicIntervalle>
    <description/>
    <ouvrage name="H.BOUL61ZH.B5" typeId="name"/>
    <resistance>0.010000</resistance>
    <reactance>0.050000</reactance>
    <demiSusceptOr>0.160000</demiSusceptOr>
    <demiSusceptEx>0.160000</demiSusceptEx>
  </hypothese>

  <hypothese type="61" xsi:type="HypoModifVarLiaison">
    <applicIntervalle>
      <intervalle dateDeb="31/03/2023 01:01" dateFin="31/12/3000 23:59"/>
      <restriction heureDeb="0" heureFin="0" minuteDeb="0" minuteFin="0"/>
    </applicIntervalle>
    <description/>
    <ouvrage name="CARRIL61ZF.RO" typeId="name"/>
    <resistance>1.110000</resistance>
    <reactance>7.430000</reactance>
    <demiSusceptOr>26.840000</demiSusceptOr>
    <demiSusceptEx>26.829999</demiSusceptEx>
  </hypothese>

  <hypothese type="61" xsi:type="HypoModifVarLiaison">
    <applicIntervalle>
      <intervalle dateDeb="31/03/2023 01:01" dateFin="31/12/3000 23:59"/>
      <restriction heureDeb="0" heureFin="0" minuteDeb="0" minuteFin="0"/>
    </applicIntervalle>
    <description/>
    <ouvrage name="F.ROCL61ZF.RO" typeId="name"/>
    <resistance>0.000000</resistance>
    <reactance>0.020000</reactance>
    <demiSusceptOr>0.070000</demiSusceptOr>
    <demiSusceptEx>0.070000</demiSusceptEx>
  </hypothese>

  <hypothese type="61" xsi:type="HypoModifVarLiaison">
    <applicIntervalle>
      <intervalle dateDeb="31/03/2023 01:01" dateFin="31/12/3000 23:59"/>
      <restriction heureDeb="0" heureFin="0" minuteDeb="0" minuteFin="0"/>
    </applicIntervalle>
    <description/>
    <ouvrage name="MORU L61ZF.RO" typeId="name"/>
    <resistance>0.610000</resistance>
    <reactance>4.030000</reactance>
    <demiSusceptOr>14.590000</demiSusceptOr>
    <demiSusceptEx>14.580000</demiSusceptEx>
  </hypothese>

  <hypothese type="61" xsi:type="HypoModifVarLiaison">
    <applicIntervalle>
      <intervalle dateDeb="16/12/2023 01:01" dateFin="31/12/3000 23:59"/>
      <restriction heureDeb="0" heureFin="0" minuteDeb="0" minuteFin="0"/>
    </applicIntervalle>
    <description/>
    <ouvrage name="BLOCAL61ZH.B5" typeId="name"/>
    <resistance>0.760000</resistance>
    <reactance>5.020000</reactance>
    <demiSusceptOr>18.159999</demiSusceptOr>
    <demiSusceptEx>18.170000</demiSusceptEx>
  </hypothese>

</hypoComplexe>
