<?xml version="1.0" encoding="ISO-8859-1" standalone="no" ?>
<hypoComplexe xmlns="http://www.rte-france.com/gsr" createur="gsradm" description="" dtCreation="13/10/2022 14:22" dtModif="13/10/2022 14:22" nom="Decision LILLE D-DI-CDI-LIL-SCET-19-01291" type="151" xmlns:xsi="http://www.w3.org/2001/XMLSchema-instance">

  <hypothese type="7" xsi:type="HypoCreatPoste">
    <applicIntervalle>
      <intervalle dateDeb="03/05/2024 00:00" dateFin="31/12/3000 23:59"/>
      <restriction heureDeb="0" heureFin="0" minuteDeb="0" minuteFin="0"/>
    </applicIntervalle>
    <description/>
    <ouvrage name="QUIEVP6" typeId="name"/>
    <nbJeuxBarres>1</nbJeuxBarres>
    <nbSectJdb>3</nbSectJdb>
    <region name="LILLE" typeId="name"/>
    <regionDI>LILLE</regionDI>
    <zoneDI>24_fr</zoneDI>
    <pays name="FRANCE" typeId="name"/>
    <tensionNominale>225.000000</tensionNominale>
    <tensMax>245.000000</tensMax>
    <tensMin>210.000000</tensMin>
    <iccMax>9999.000000</iccMax>
    <iccMin>0.000000</iccMin>
    <seuilsHauts/>
    <seuilsBas/>
    <nodal>0</nodal>
    <creerCouplTroncon>false</creerCouplTroncon>
  </hypothese>

  <hypothese type="120" xsi:type="HypoSupprDisjEtSectDeSection">
    <applicIntervalle>
      <intervalle dateDeb="03/05/2024 00:10" dateFin="31/12/3000 23:59"/>
      <restriction heureDeb="0" heureFin="0" minuteDeb="0" minuteFin="0"/>
    </applicIntervalle>
    <description/>
    <ouvrage name="FAMARP6" typeId="name"/>
    <sjb1 name="1.1" typeId="name"/>
    <sjb2 name="1.2" typeId="name"/>
  </hypothese>

  <hypothese type="59" typeId="name" xsi:type="HypoModifTopolDetPoste">
    <applicIntervalle>
      <intervalle dateDeb="03/05/2024 01:00" dateFin="31/12/3000 23:59"/>
      <restriction heureDeb="0" heureFin="0" minuteDeb="0" minuteFin="0"/>
    </applicIntervalle>
    <description/>
    <ouvrage name="FAMARP6" typeId="name"/>
    <ajoutDjTjb1 name="" typeId="name"/>
    <ajoutDjTjb2 name="" typeId="name"/>
    <departs/>
    <tjbs/>
    <senss/>
    <ajoutJdb>1</ajoutJdb>
    <nommageOCAjoutJdb>1</nommageOCAjoutJdb>
  </hypothese>

  <hypothese type="59" typeId="name" xsi:type="HypoModifTopolDetPoste">
    <applicIntervalle>
      <intervalle dateDeb="03/05/2024 02:40" dateFin="31/12/3000 23:59"/>
      <restriction heureDeb="0" heureFin="0" minuteDeb="0" minuteFin="0"/>
    </applicIntervalle>
    <description/>
    <ouvrage name="FAMARP6" typeId="name"/>
    <ajoutDjTjb1 name="" typeId="name"/>
    <ajoutDjTjb2 name="" typeId="name"/>
    <departs>
      <depart>ESTR6L61FAMAR</depart>
    </departs>
    <tjbs>
      <tjb>1.1</tjb>
    </tjbs>
    <senss>
      <sens>1</sens>
    </senss>
    <ajoutJdb>0</ajoutJdb>
    <nommageOCAjoutJdb>1</nommageOCAjoutJdb>
  </hypothese>

  <hypothese type="59" typeId="name" xsi:type="HypoModifTopolDetPoste">
    <applicIntervalle>
      <intervalle dateDeb="03/05/2024 02:40" dateFin="31/12/3000 23:59"/>
      <restriction heureDeb="0" heureFin="0" minuteDeb="0" minuteFin="0"/>
    </applicIntervalle>
    <description/>
    <ouvrage name="FAMARP6" typeId="name"/>
    <ajoutDjTjb1 name="" typeId="name"/>
    <ajoutDjTjb2 name="" typeId="name"/>
    <departs>
      <depart>FAMARY632</depart>
    </departs>
    <tjbs>
      <tjb>1.1</tjb>
    </tjbs>
    <senss>
      <sens>0</sens>
    </senss>
    <ajoutJdb>0</ajoutJdb>
    <nommageOCAjoutJdb>1</nommageOCAjoutJdb>
  </hypothese>

  <hypothese type="10" xsi:type="HypoCreatLiaison">
    <applicIntervalle>
      <intervalle dateDeb="03/05/2024 02:00" dateFin="31/12/3000 23:59"/>
      <restriction heureDeb="0" heureFin="0" minuteDeb="0" minuteFin="0"/>
    </applicIntervalle>
    <description/>
    <ouvrage name="FAMARL61QUIEV" typeId="name"/>
    <sensDepartOr>0</sensDepartOr>
    <sensDepartEx>0</sensDepartEx>
    <seuilsSaisons>
      <seuilsSaison saison="ETE">
        <seuils imap="0.000000"/>
      </seuilsSaison>
      <seuilsSaison saison="INTERSAISON1">
        <seuils imap="0.000000"/>
      </seuilsSaison>
      <seuilsSaison saison="INTERSAISON2">
        <seuils imap="0.000000"/>
      </seuilsSaison>
      <seuilsSaison saison="HIVER1">
        <seuils imap="0.000000"/>
      </seuilsSaison>
      <seuilsSaison saison="HIVER2">
        <seuils imap="0.000000"/>
      </seuilsSaison>
    </seuilsSaisons>
    <supprimerDephaseur>false</supprimerDephaseur>
    <numOrdre>1</numOrdre>
    <sjbOr name="1.1" typeId="name"/>
    <sjbEx name="1.1" typeId="name"/>
    <nomPostOr name="FAMARP6" typeId="name"/>
    <nomPostEx name="QUIEVP6" typeId="name"/>
    <connecte>true</connecte>
    <creerDisjOr>true</creerDisjOr>
    <creerDisjEx>true</creerDisjEx>
    <hypVarLiais>
      <hypothese type="61" xsi:type="HypoModifVarLiaison">
        <description/>
        <ouvrage name="FAMARL61QUIEV" typeId="name"/>
        <resistance>0.000000</resistance>
        <reactance>0.000000</reactance>
        <demiSusceptOr>0.000000</demiSusceptOr>
        <demiSusceptEx>0.000000</demiSusceptEx>
        <conductOr>0.000000</conductOr>
        <conductEx>0.000000</conductEx>
        <saison>HIVER1</saison>
      </hypothese>
    </hypVarLiais>
  </hypothese>

  <hypothese type="52" xsi:type="HypoModifFixeLiaison">
    <applicIntervalle>
      <intervalle dateDeb="03/05/2024 02:03" dateFin="31/12/3000 23:59"/>
      <restriction heureDeb="0" heureFin="0" minuteDeb="0" minuteFin="0"/>
    </applicIntervalle>
    <description/>
    <ouvrage name="FAMARL61QUIEV" typeId="name"/>
    <seuilsSaisons>
      <seuilsSaison saison="ETE">
        <seuils imap="700.000000">
          <seuil position="0" tempo="1200" valeur="700.000000"/>
          <seuil position="0" tempo="600" valeur="1400.000000"/>
        </seuils>
      </seuilsSaison>
      <seuilsSaison saison="INTERSAISON1">
        <seuils imap="700.000000">
          <seuil position="0" tempo="1200" valeur="700.000000"/>
          <seuil position="0" tempo="600" valeur="1400.000000"/>
        </seuils>
      </seuilsSaison>
      <seuilsSaison saison="INTERSAISON2">
        <seuils imap="700.000000">
          <seuil position="0" tempo="1200" valeur="700.000000"/>
          <seuil position="0" tempo="600" valeur="1400.000000"/>
        </seuils>
      </seuilsSaison>
      <seuilsSaison saison="HIVER1">
        <seuils imap="700.000000">
          <seuil position="0" tempo="1200" valeur="700.000000"/>
          <seuil position="0" tempo="600" valeur="1400.000000"/>
        </seuils>
      </seuilsSaison>
      <seuilsSaison saison="HIVER2">
        <seuils imap="700.000000">
          <seuil position="0" tempo="1200" valeur="700.000000"/>
          <seuil position="0" tempo="600" valeur="1400.000000"/>
        </seuils>
      </seuilsSaison>
    </seuilsSaisons>
    <supprimerDephaseur>false</supprimerDephaseur>
  </hypothese>

  <hypothese type="12" xsi:type="HypoCreatMcs">
    <applicIntervalle>
      <intervalle dateDeb="03/05/2024 02:00" dateFin="31/12/3000 23:59"/>
      <restriction heureDeb="0" heureFin="0" minuteDeb="0" minuteFin="0"/>
    </applicIntervalle>
    <description/>
    <ouvrage name="FAMAR-MC361" typeId="name"/>
    <sensDepartOr>0</sensDepartOr>
    <type>0</type>
    <qMax>-95.000000</qMax>
    <nomPoste name="FAMARP6" typeId="name"/>
    <sjb name="1.1" typeId="name"/>
    <connecte>true</connecte>
    <hypVarMcs>
      <hypothese type="66" xsi:type="HypoModifVarMcs">
        <description/>
        <ouvrage name="FAMAR-MC361" typeId="name"/>
        <qNominale>-95.000000</qNominale>
      </hypothese>
    </hypVarMcs>
  </hypothese>

  <hypothese type="9" xsi:type="HypoCreatConso">
    <applicIntervalle>
      <intervalle dateDeb="03/05/2024 01:00" dateFin="31/12/3000 23:59"/>
      <restriction heureDeb="0" heureFin="0" minuteDeb="0" minuteFin="0"/>
    </applicIntervalle>
    <description/>
    <ouvrage name="QUIEV6T611" typeId="name"/>
    <sensDepartOr>0</sensDepartOr>
    <nomPoste name="QUIEVP6" typeId="name"/>
    <sjb name="1.1" typeId="name"/>
    <connecte>true</connecte>
    <hypVarConso>
      <hypothese type="64" xsi:type="HypoModifVarConso">
        <description/>
        <ouvrage name="QUIEV6T611" typeId="name"/>
        <fixe>false</fixe>
        <valActFixe>0.000000</valActFixe>
        <valActAffine>0.000000</valActAffine>
        <valReaFixe>0.000000</valReaFixe>
        <valReaAffine>0.000000</valReaAffine>
      </hypothese>
    </hypVarConso>
  </hypothese>

  <hypothese type="61" xsi:type="HypoModifVarLiaison">
    <applicIntervalle>
      <intervalle dateDeb="03/05/2024 02:01" dateFin="31/12/3000 23:59"/>
      <restriction heureDeb="0" heureFin="0" minuteDeb="0" minuteFin="0"/>
    </applicIntervalle>
    <description/>
    <ouvrage name="FAMARL61QUIEV" typeId="name"/>
    <resistance>0.380000</resistance>
    <reactance>3.020000</reactance>
    <demiSusceptOr>750.840001</demiSusceptOr>
    <demiSusceptEx>750.840001</demiSusceptEx>
  </hypothese>

</hypoComplexe>
