<?xml version="1.0" encoding="ISO-8859-1" standalone="no" ?>
<hypoComplexe xmlns="http://www.rte-france.com/gsr" createur="gsradm" description="" dtCreation="13/10/2022 14:19" dtModif="13/10/2022 14:19" nom="Etat CDI LILLE des ouvrages transformateur" type="20" xmlns:xsi="http://www.w3.org/2001/XMLSchema-instance">

  <hypothese type="62" xsi:type="HypoModifVarTransfo">
    <applicIntervalle>
      <intervalle dateDeb="29/06/2021 01:31" dateFin="31/12/3000 23:59"/>
      <restriction heureDeb="0" heureFin="0" minuteDeb="0" minuteFin="0"/>
    </applicIntervalle>
    <description/>
    <ouvrage name="HORDAY412" typeId="name"/>
    <resistance>0.450000</resistance>
    <reactance>38.250000</reactance>
    <demiSusceptOr>0.000000</demiSusceptOr>
    <demiSusceptEx>0.000000</demiSusceptEx>
    <conductOr>0.000000</conductOr>
    <conductEx>0.000000</conductEx>
    <modeReglage>1</modeReglage>
    <priseRegleur>1</priseRegleur>
  </hypothese>

</hypoComplexe>
