<?xml version="1.0" encoding="ISO-8859-1" standalone="no" ?>
<hypoComplexe xmlns="http://www.rte-france.com/gsr" createur="gsradm" description="" dtCreation="13/10/2022 14:19" dtModif="13/10/2022 14:19" nom="Structure CDI LILLE des ouvrages poste" type="19" xmlns:xsi="http://www.w3.org/2001/XMLSchema-instance">

  <hypothese type="7" xsi:type="HypoCreatPoste">
    <applicIntervalle>
      <intervalle dateDeb="28/07/2023 00:00" dateFin="31/12/3000 23:59"/>
      <restriction heureDeb="0" heureFin="0" minuteDeb="0" minuteFin="0"/>
    </applicIntervalle>
    <description/>
    <ouvrage name="CZMELP3" typeId="name"/>
    <nbJeuxBarres>1</nbJeuxBarres>
    <nbSectJdb>1</nbSectJdb>
    <region name="LILLE" typeId="name"/>
    <regionDI>LILLE</regionDI>
    <zoneDI/>
    <pays name="FRANCE" typeId="name"/>
    <tensionNominale>63.000000</tensionNominale>
    <tensMax>68.000000</tensMax>
    <tensMin>58.000000</tensMin>
    <iccMax>9999.000000</iccMax>
    <iccMin>0.000000</iccMin>
    <seuilsHauts/>
    <seuilsBas/>
    <nodal>0</nodal>
    <creerCouplTroncon>false</creerCouplTroncon>
  </hypothese>

</hypoComplexe>
