<?xml version="1.0" encoding="ISO-8859-1" standalone="no" ?>
<hypoComplexe xmlns="http://www.rte-france.com/gsr" createur="gsradm" description="" dtCreation="13/10/2022 14:19" dtModif="13/10/2022 14:19" nom="Structure CDI LILLE des ouvrages transformateur" type="19" xmlns:xsi="http://www.w3.org/2001/XMLSchema-instance">

  <hypothese type="53" xsi:type="HypoModifFixeTransfo">
    <applicIntervalle>
      <intervalle dateDeb="25/03/2021 01:30" dateFin="31/12/3000 23:59"/>
      <restriction heureDeb="0" heureFin="0" minuteDeb="0" minuteFin="0"/>
    </applicIntervalle>
    <description/>
    <ouvrage name="AVELIY761" typeId="name"/>
    <supprimerDephaseur>false</supprimerDephaseur>
    <Snominale>600.000000</Snominale>
    <lowStep>1</lowStep>
  </hypothese>

  <hypothese type="53" xsi:type="HypoModifFixeTransfo">
    <applicIntervalle>
      <intervalle dateDeb="01/04/2021 01:30" dateFin="31/12/3000 23:59"/>
      <restriction heureDeb="0" heureFin="0" minuteDeb="0" minuteFin="0"/>
    </applicIntervalle>
    <description/>
    <ouvrage name="CAPELY631" typeId="name"/>
    <supprimerDephaseur>false</supprimerDephaseur>
    <Snominale>100.000000</Snominale>
    <lowStep>1</lowStep>
  </hypothese>

  <hypothese type="53" xsi:type="HypoModifFixeTransfo">
    <applicIntervalle>
      <intervalle dateDeb="29/06/2021 01:30" dateFin="31/12/3000 23:59"/>
      <restriction heureDeb="0" heureFin="0" minuteDeb="0" minuteFin="0"/>
    </applicIntervalle>
    <description/>
    <ouvrage name="HORDAY412" typeId="name"/>
    <supprimerDephaseur>false</supprimerDephaseur>
    <typeReglage>1</typeReglage>
    <tensEnrOr>20.000000</tensEnrOr>
    <tensEnrEx>90.000000</tensEnrEx>
    <lowStep>1</lowStep>
    <loi>
      <rapport>1.000000</rapport>
    </loi>
  </hypothese>

  <hypothese type="53" xsi:type="HypoModifFixeTransfo">
    <applicIntervalle>
      <intervalle dateDeb="09/07/2021 01:30" dateFin="31/12/3000 23:59"/>
      <restriction heureDeb="0" heureFin="0" minuteDeb="0" minuteFin="0"/>
    </applicIntervalle>
    <description/>
    <ouvrage name="FRUGEY741" typeId="name"/>
    <supprimerDephaseur>false</supprimerDephaseur>
    <Snominale>240.000000</Snominale>
    <lowStep>1</lowStep>
  </hypothese>

  <hypothese type="53" xsi:type="HypoModifFixeTransfo">
    <applicIntervalle>
      <intervalle dateDeb="14/12/2021 01:30" dateFin="31/12/3000 23:59"/>
      <restriction heureDeb="0" heureFin="0" minuteDeb="0" minuteFin="0"/>
    </applicIntervalle>
    <description/>
    <ouvrage name="G.CAIY641" typeId="name"/>
    <supprimerDephaseur>false</supprimerDephaseur>
    <Snominale>100.000000</Snominale>
    <lowStep>1</lowStep>
  </hypothese>

  <hypothese type="53" xsi:type="HypoModifFixeTransfo">
    <applicIntervalle>
      <intervalle dateDeb="14/12/2021 01:30" dateFin="31/12/3000 23:59"/>
      <restriction heureDeb="0" heureFin="0" minuteDeb="0" minuteFin="0"/>
    </applicIntervalle>
    <description/>
    <ouvrage name="L.CHAY631" typeId="name"/>
    <supprimerDephaseur>false</supprimerDephaseur>
    <Snominale>100.000000</Snominale>
    <lowStep>1</lowStep>
  </hypothese>

  <hypothese type="53" xsi:type="HypoModifFixeTransfo">
    <applicIntervalle>
      <intervalle dateDeb="14/12/2021 01:30" dateFin="31/12/3000 23:59"/>
      <restriction heureDeb="0" heureFin="0" minuteDeb="0" minuteFin="0"/>
    </applicIntervalle>
    <description/>
    <ouvrage name="NOGENY631" typeId="name"/>
    <supprimerDephaseur>false</supprimerDephaseur>
    <Snominale>100.000000</Snominale>
    <lowStep>1</lowStep>
  </hypothese>

  <hypothese type="53" xsi:type="HypoModifFixeTransfo">
    <applicIntervalle>
      <intervalle dateDeb="14/12/2021 01:30" dateFin="31/12/3000 23:59"/>
      <restriction heureDeb="0" heureFin="0" minuteDeb="0" minuteFin="0"/>
    </applicIntervalle>
    <description/>
    <ouvrage name="ROYE Y632" typeId="name"/>
    <supprimerDephaseur>false</supprimerDephaseur>
    <Snominale>100.000000</Snominale>
    <lowStep>1</lowStep>
  </hypothese>

  <hypothese type="53" xsi:type="HypoModifFixeTransfo">
    <applicIntervalle>
      <intervalle dateDeb="14/12/2021 01:30" dateFin="31/12/3000 23:59"/>
      <restriction heureDeb="0" heureFin="0" minuteDeb="0" minuteFin="0"/>
    </applicIntervalle>
    <description/>
    <ouvrage name="S.DAMY631" typeId="name"/>
    <supprimerDephaseur>false</supprimerDephaseur>
    <Snominale>100.000000</Snominale>
    <lowStep>1</lowStep>
  </hypothese>

  <hypothese type="53" xsi:type="HypoModifFixeTransfo">
    <applicIntervalle>
      <intervalle dateDeb="14/12/2021 01:30" dateFin="31/12/3000 23:59"/>
      <restriction heureDeb="0" heureFin="0" minuteDeb="0" minuteFin="0"/>
    </applicIntervalle>
    <description/>
    <ouvrage name="S.DAMY633" typeId="name"/>
    <supprimerDephaseur>false</supprimerDephaseur>
    <Snominale>100.000000</Snominale>
    <lowStep>1</lowStep>
  </hypothese>

  <hypothese type="53" xsi:type="HypoModifFixeTransfo">
    <applicIntervalle>
      <intervalle dateDeb="16/12/2021 01:30" dateFin="31/12/3000 23:59"/>
      <restriction heureDeb="0" heureFin="0" minuteDeb="0" minuteFin="0"/>
    </applicIntervalle>
    <description/>
    <ouvrage name="MAUBEY621" typeId="name"/>
    <supprimerDephaseur>false</supprimerDephaseur>
    <Snominale>100.000000</Snominale>
    <lowStep>1</lowStep>
  </hypothese>

  <hypothese type="53" xsi:type="HypoModifFixeTransfo">
    <applicIntervalle>
      <intervalle dateDeb="16/12/2021 01:30" dateFin="31/12/3000 23:59"/>
      <restriction heureDeb="0" heureFin="0" minuteDeb="0" minuteFin="0"/>
    </applicIntervalle>
    <description/>
    <ouvrage name="H.VINY643" typeId="name"/>
    <supprimerDephaseur>false</supprimerDephaseur>
    <Snominale>100.000000</Snominale>
    <lowStep>1</lowStep>
  </hypothese>

  <hypothese type="53" xsi:type="HypoModifFixeTransfo">
    <applicIntervalle>
      <intervalle dateDeb="16/12/2021 01:30" dateFin="31/12/3000 23:59"/>
      <restriction heureDeb="0" heureFin="0" minuteDeb="0" minuteFin="0"/>
    </applicIntervalle>
    <description/>
    <ouvrage name="H.VINY642" typeId="name"/>
    <supprimerDephaseur>false</supprimerDephaseur>
    <Snominale>100.000000</Snominale>
    <lowStep>1</lowStep>
  </hypothese>

  <hypothese type="53" xsi:type="HypoModifFixeTransfo">
    <applicIntervalle>
      <intervalle dateDeb="16/12/2021 01:30" dateFin="31/12/3000 23:59"/>
      <restriction heureDeb="0" heureFin="0" minuteDeb="0" minuteFin="0"/>
    </applicIntervalle>
    <description/>
    <ouvrage name="H.VINY641" typeId="name"/>
    <supprimerDephaseur>false</supprimerDephaseur>
    <Snominale>100.000000</Snominale>
    <lowStep>1</lowStep>
  </hypothese>

  <hypothese type="53" xsi:type="HypoModifFixeTransfo">
    <applicIntervalle>
      <intervalle dateDeb="16/12/2021 01:30" dateFin="31/12/3000 23:59"/>
      <restriction heureDeb="0" heureFin="0" minuteDeb="0" minuteFin="0"/>
    </applicIntervalle>
    <description/>
    <ouvrage name="G.CAIY651" typeId="name"/>
    <supprimerDephaseur>false</supprimerDephaseur>
    <Snominale>100.000000</Snominale>
    <lowStep>1</lowStep>
  </hypothese>

  <hypothese type="53" xsi:type="HypoModifFixeTransfo">
    <applicIntervalle>
      <intervalle dateDeb="21/12/2021 01:30" dateFin="31/12/3000 23:59"/>
      <restriction heureDeb="0" heureFin="0" minuteDeb="0" minuteFin="0"/>
    </applicIntervalle>
    <description/>
    <ouvrage name="G.SYNY642" typeId="name"/>
    <supprimerDephaseur>false</supprimerDephaseur>
    <Snominale>100.000000</Snominale>
    <lowStep>1</lowStep>
  </hypothese>

  <hypothese type="53" xsi:type="HypoModifFixeTransfo">
    <applicIntervalle>
      <intervalle dateDeb="21/12/2021 01:30" dateFin="31/12/3000 23:59"/>
      <restriction heureDeb="0" heureFin="0" minuteDeb="0" minuteFin="0"/>
    </applicIntervalle>
    <description/>
    <ouvrage name="GUARBY642" typeId="name"/>
    <supprimerDephaseur>false</supprimerDephaseur>
    <Snominale>100.000000</Snominale>
    <lowStep>1</lowStep>
  </hypothese>

  <hypothese type="53" xsi:type="HypoModifFixeTransfo">
    <applicIntervalle>
      <intervalle dateDeb="21/12/2021 01:30" dateFin="31/12/3000 23:59"/>
      <restriction heureDeb="0" heureFin="0" minuteDeb="0" minuteFin="0"/>
    </applicIntervalle>
    <description/>
    <ouvrage name="MAUBEY622" typeId="name"/>
    <supprimerDephaseur>false</supprimerDephaseur>
    <Snominale>70.000000</Snominale>
    <lowStep>1</lowStep>
  </hypothese>

  <hypothese type="53" xsi:type="HypoModifFixeTransfo">
    <applicIntervalle>
      <intervalle dateDeb="21/12/2021 01:30" dateFin="31/12/3000 23:59"/>
      <restriction heureDeb="0" heureFin="0" minuteDeb="0" minuteFin="0"/>
    </applicIntervalle>
    <description/>
    <ouvrage name="P.SAMY641" typeId="name"/>
    <supprimerDephaseur>false</supprimerDephaseur>
    <Snominale>100.000000</Snominale>
    <lowStep>1</lowStep>
  </hypothese>

  <hypothese type="53" xsi:type="HypoModifFixeTransfo">
    <applicIntervalle>
      <intervalle dateDeb="21/12/2021 01:30" dateFin="31/12/3000 23:59"/>
      <restriction heureDeb="0" heureFin="0" minuteDeb="0" minuteFin="0"/>
    </applicIntervalle>
    <description/>
    <ouvrage name="PERIZY633" typeId="name"/>
    <supprimerDephaseur>false</supprimerDephaseur>
    <Snominale>70.000000</Snominale>
    <lowStep>1</lowStep>
  </hypothese>

  <hypothese type="53" xsi:type="HypoModifFixeTransfo">
    <applicIntervalle>
      <intervalle dateDeb="21/12/2021 01:30" dateFin="31/12/3000 23:59"/>
      <restriction heureDeb="0" heureFin="0" minuteDeb="0" minuteFin="0"/>
    </applicIntervalle>
    <description/>
    <ouvrage name="PREMYY431" typeId="name"/>
    <supprimerDephaseur>false</supprimerDephaseur>
    <Snominale>100.000000</Snominale>
    <lowStep>1</lowStep>
  </hypothese>

  <hypothese type="53" xsi:type="HypoModifFixeTransfo">
    <applicIntervalle>
      <intervalle dateDeb="21/12/2021 01:30" dateFin="31/12/3000 23:59"/>
      <restriction heureDeb="0" heureFin="0" minuteDeb="0" minuteFin="0"/>
    </applicIntervalle>
    <description/>
    <ouvrage name="PRRTTY641" typeId="name"/>
    <supprimerDephaseur>false</supprimerDephaseur>
    <Snominale>100.000000</Snominale>
    <lowStep>1</lowStep>
  </hypothese>

  <hypothese type="53" xsi:type="HypoModifFixeTransfo">
    <applicIntervalle>
      <intervalle dateDeb="21/12/2021 01:30" dateFin="31/12/3000 23:59"/>
      <restriction heureDeb="0" heureFin="0" minuteDeb="0" minuteFin="0"/>
    </applicIntervalle>
    <description/>
    <ouvrage name="SORRUY641" typeId="name"/>
    <supprimerDephaseur>false</supprimerDephaseur>
    <Snominale>100.000000</Snominale>
    <lowStep>1</lowStep>
  </hypothese>

  <hypothese type="53" xsi:type="HypoModifFixeTransfo">
    <applicIntervalle>
      <intervalle dateDeb="21/12/2021 01:30" dateFin="31/12/3000 23:59"/>
      <restriction heureDeb="0" heureFin="0" minuteDeb="0" minuteFin="0"/>
    </applicIntervalle>
    <description/>
    <ouvrage name="SORRUY642" typeId="name"/>
    <supprimerDephaseur>false</supprimerDephaseur>
    <Snominale>100.000000</Snominale>
    <lowStep>1</lowStep>
  </hypothese>

  <hypothese type="53" xsi:type="HypoModifFixeTransfo">
    <applicIntervalle>
      <intervalle dateDeb="21/12/2021 01:30" dateFin="31/12/3000 23:59"/>
      <restriction heureDeb="0" heureFin="0" minuteDeb="0" minuteFin="0"/>
    </applicIntervalle>
    <description/>
    <ouvrage name="THIERY631" typeId="name"/>
    <supprimerDephaseur>false</supprimerDephaseur>
    <Snominale>100.000000</Snominale>
    <lowStep>1</lowStep>
  </hypothese>

  <hypothese type="53" xsi:type="HypoModifFixeTransfo">
    <applicIntervalle>
      <intervalle dateDeb="21/12/2021 01:30" dateFin="31/12/3000 23:59"/>
      <restriction heureDeb="0" heureFin="0" minuteDeb="0" minuteFin="0"/>
    </applicIntervalle>
    <description/>
    <ouvrage name="THIERY632" typeId="name"/>
    <supprimerDephaseur>false</supprimerDephaseur>
    <Snominale>100.000000</Snominale>
    <lowStep>1</lowStep>
  </hypothese>

  <hypothese type="53" xsi:type="HypoModifFixeTransfo">
    <applicIntervalle>
      <intervalle dateDeb="31/12/2021 01:30" dateFin="31/12/3000 23:59"/>
      <restriction heureDeb="0" heureFin="0" minuteDeb="0" minuteFin="0"/>
    </applicIntervalle>
    <description/>
    <ouvrage name="ARGOEY641" typeId="name"/>
    <supprimerDephaseur>false</supprimerDephaseur>
    <Snominale>100.000000</Snominale>
    <lowStep>1</lowStep>
  </hypothese>

  <hypothese type="53" xsi:type="HypoModifFixeTransfo">
    <applicIntervalle>
      <intervalle dateDeb="31/12/2021 01:30" dateFin="31/12/3000 23:59"/>
      <restriction heureDeb="0" heureFin="0" minuteDeb="0" minuteFin="0"/>
    </applicIntervalle>
    <description/>
    <ouvrage name="ARGOEY741" typeId="name"/>
    <supprimerDephaseur>false</supprimerDephaseur>
    <Snominale>150.000000</Snominale>
    <lowStep>1</lowStep>
  </hypothese>

</hypoComplexe>
