<?xml version="1.0" encoding="ISO-8859-1" standalone="no" ?>
<hypoComplexe xmlns="http://www.rte-france.com/gsr" createur="gsradm" description="" dtCreation="13/10/2022 14:21" dtModif="13/10/2022 14:21" nom="Decision LILLE D-DI-CDI-LIL-15-0027" type="151" xmlns:xsi="http://www.w3.org/2001/XMLSchema-instance">

  <hypothese type="52" xsi:type="HypoModifFixeLiaison">
    <applicIntervalle>
      <intervalle dateDeb="06/05/2022 01:30" dateFin="31/12/3000 23:59"/>
      <restriction heureDeb="0" heureFin="0" minuteDeb="0" minuteFin="0"/>
    </applicIntervalle>
    <description/>
    <ouvrage name=".AVELL72AVELI" typeId="name"/>
    <seuilsSaisons>
      <seuilsSaison saison="ETE">
        <seuils imap="4400.000000">
          <seuil position="0" tempo="1200" valeur="4400.000000"/>
          <seuil position="0" tempo="600" valeur="5200.000000"/>
          <seuil position="0" tempo="60" valeur="6400.000000"/>
        </seuils>
      </seuilsSaison>
      <seuilsSaison saison="INTERSAISON1">
        <seuils imap="4600.000000">
          <seuil position="0" tempo="1200" valeur="4600.000000"/>
          <seuil position="0" tempo="600" valeur="5600.000000"/>
          <seuil position="0" tempo="60" valeur="6400.000000"/>
        </seuils>
      </seuilsSaison>
      <seuilsSaison saison="INTERSAISON2">
        <seuils imap="4600.000000">
          <seuil position="0" tempo="1200" valeur="4600.000000"/>
          <seuil position="0" tempo="600" valeur="5600.000000"/>
          <seuil position="0" tempo="60" valeur="6400.000000"/>
        </seuils>
      </seuilsSaison>
      <seuilsSaison saison="HIVER1">
        <seuils imap="4800.000000">
          <seuil position="0" tempo="1200" valeur="4800.000000"/>
          <seuil position="0" tempo="600" valeur="6000.000000"/>
          <seuil position="0" tempo="60" valeur="6400.000000"/>
        </seuils>
      </seuilsSaison>
      <seuilsSaison saison="HIVER2">
        <seuils imap="5200.000000">
          <seuil position="0" tempo="1200" valeur="5200.000000"/>
          <seuil position="0" tempo="600" valeur="6400.000000"/>
          <seuil position="0" tempo="60" valeur="6400.000000"/>
        </seuils>
      </seuilsSaison>
    </seuilsSaisons>
    <supprimerDephaseur>false</supprimerDephaseur>
  </hypothese>

  <hypothese type="61" xsi:type="HypoModifVarLiaison">
    <applicIntervalle>
      <intervalle dateDeb="06/05/2022 01:30" dateFin="31/12/3000 23:59"/>
      <restriction heureDeb="0" heureFin="0" minuteDeb="0" minuteFin="0"/>
    </applicIntervalle>
    <description/>
    <ouvrage name=".AVELL71MASTA" typeId="name"/>
    <resistance>1.820000</resistance>
    <reactance>22.100000</reactance>
    <demiSusceptOr>141.509998</demiSusceptOr>
    <demiSusceptEx>165.770005</demiSusceptEx>
  </hypothese>

  <hypothese type="61" xsi:type="HypoModifVarLiaison">
    <applicIntervalle>
      <intervalle dateDeb="06/05/2022 01:30" dateFin="31/12/3000 23:59"/>
      <restriction heureDeb="0" heureFin="0" minuteDeb="0" minuteFin="0"/>
    </applicIntervalle>
    <description/>
    <ouvrage name=".AVELL72AVELI" typeId="name"/>
    <resistance>1.140000</resistance>
    <reactance>13.170000</reactance>
    <demiSusceptOr>79.230005</demiSusceptOr>
    <demiSusceptEx>79.230005</demiSusceptEx>
  </hypothese>

</hypoComplexe>
