<?xml version="1.0" encoding="ISO-8859-1" standalone="no" ?>
<hypoComplexe xmlns="http://www.rte-france.com/gsr" createur="gsradm" description="" dtCreation="13/10/2022 14:23" dtModif="13/10/2022 14:23" nom="Decision LILLE D-DI-CDI-LI-18-0435" type="151" xmlns:xsi="http://www.w3.org/2001/XMLSchema-instance">

  <hypothese type="10" xsi:type="HypoCreatLiaison">
    <applicIntervalle>
      <intervalle dateDeb="01/01/2033 01:00" dateFin="31/12/3000 23:59"/>
      <restriction heureDeb="0" heureFin="0" minuteDeb="0" minuteFin="0"/>
    </applicIntervalle>
    <description/>
    <ouvrage name="AVELIL73MASTA" typeId="name"/>
    <sensDepartOr>0</sensDepartOr>
    <sensDepartEx>0</sensDepartEx>
    <seuilsSaisons>
      <seuilsSaison saison="ETE">
        <seuils imap="0.000000"/>
      </seuilsSaison>
      <seuilsSaison saison="INTERSAISON1">
        <seuils imap="0.000000"/>
      </seuilsSaison>
      <seuilsSaison saison="INTERSAISON2">
        <seuils imap="0.000000"/>
      </seuilsSaison>
      <seuilsSaison saison="HIVER1">
        <seuils imap="0.000000"/>
      </seuilsSaison>
      <seuilsSaison saison="HIVER2">
        <seuils imap="0.000000"/>
      </seuilsSaison>
    </seuilsSaisons>
    <supprimerDephaseur>false</supprimerDephaseur>
    <numOrdre>3</numOrdre>
    <sjbOr name="1A" typeId="name"/>
    <sjbEx name="1B" typeId="name"/>
    <nomPostOr name="AVELIP7" typeId="name"/>
    <nomPostEx name="MASTAP7" typeId="name"/>
    <connecte>true</connecte>
    <creerDisjOr>true</creerDisjOr>
    <creerDisjEx>true</creerDisjEx>
    <hypVarLiais>
      <hypothese type="61" xsi:type="HypoModifVarLiaison">
        <description/>
        <ouvrage name="AVELIL73MASTA" typeId="name"/>
        <resistance>0.000000</resistance>
        <reactance>0.000000</reactance>
        <demiSusceptOr>0.000000</demiSusceptOr>
        <demiSusceptEx>0.000000</demiSusceptEx>
        <conductOr>0.000000</conductOr>
        <conductEx>0.000000</conductEx>
        <saison>HIVER1</saison>
      </hypothese>
    </hypVarLiais>
  </hypothese>

  <hypothese type="61" xsi:type="HypoModifVarLiaison">
    <applicIntervalle>
      <intervalle dateDeb="01/01/2033 01:01" dateFin="31/12/3000 23:59"/>
      <restriction heureDeb="0" heureFin="0" minuteDeb="0" minuteFin="0"/>
    </applicIntervalle>
    <description/>
    <ouvrage name="AVELIL73MASTA" typeId="name"/>
    <resistance>0.940000</resistance>
    <reactance>10.280000</reactance>
    <demiSusceptOr>56.000001</demiSusceptOr>
    <demiSusceptEx>54.110002</demiSusceptEx>
  </hypothese>

</hypoComplexe>
