<?xml version="1.0" encoding="ISO-8859-1" standalone="no" ?>
<hypoComplexe xmlns="http://www.rte-france.com/gsr" createur="gsradm" description="" dtCreation="13/10/2022 14:22" dtModif="13/10/2022 14:22" nom="Decision LILLE D-DI-CDI-LIL-SCET-16-1073" type="151" xmlns:xsi="http://www.w3.org/2001/XMLSchema-instance">

  <hypothese type="16" xsi:type="HypoSupprLiaison">
    <applicIntervalle>
      <intervalle dateDeb="15/06/2023 00:00" dateFin="31/12/3000 23:59"/>
      <restriction heureDeb="0" heureFin="0" minuteDeb="0" minuteFin="0"/>
    </applicIntervalle>
    <description/>
    <ouvrage name="BXTO5L31ZNEU5" typeId="name"/>
  </hypothese>

  <hypothese type="16" xsi:type="HypoSupprLiaison">
    <applicIntervalle>
      <intervalle dateDeb="15/06/2023 00:00" dateFin="31/12/3000 23:59"/>
      <restriction heureDeb="0" heureFin="0" minuteDeb="0" minuteFin="0"/>
    </applicIntervalle>
    <description/>
    <ouvrage name="NOYALL31ZNEU5" typeId="name"/>
  </hypothese>

  <hypothese type="16" xsi:type="HypoSupprLiaison">
    <applicIntervalle>
      <intervalle dateDeb="15/06/2023 00:00" dateFin="31/12/3000 23:59"/>
      <restriction heureDeb="0" heureFin="0" minuteDeb="0" minuteFin="0"/>
    </applicIntervalle>
    <description/>
    <ouvrage name="SETIEL31ZNEU5" typeId="name"/>
  </hypothese>

  <hypothese type="10" xsi:type="HypoCreatLiaison">
    <applicIntervalle>
      <intervalle dateDeb="15/06/2023 01:00" dateFin="31/12/3000 23:59"/>
      <restriction heureDeb="0" heureFin="0" minuteDeb="0" minuteFin="0"/>
    </applicIntervalle>
    <description/>
    <ouvrage name="NOYALL31SETIE" typeId="name"/>
    <sensDepartOr>0</sensDepartOr>
    <sensDepartEx>0</sensDepartEx>
    <seuilsSaisons>
      <seuilsSaison saison="ETE">
        <seuils imap="0.000000"/>
      </seuilsSaison>
      <seuilsSaison saison="INTERSAISON1">
        <seuils imap="0.000000"/>
      </seuilsSaison>
      <seuilsSaison saison="INTERSAISON2">
        <seuils imap="0.000000"/>
      </seuilsSaison>
      <seuilsSaison saison="HIVER1">
        <seuils imap="0.000000"/>
      </seuilsSaison>
      <seuilsSaison saison="HIVER2">
        <seuils imap="0.000000"/>
      </seuilsSaison>
    </seuilsSaisons>
    <supprimerDephaseur>false</supprimerDephaseur>
    <numOrdre>1</numOrdre>
    <sjbOr name="1.1" typeId="name"/>
    <sjbEx name="1" typeId="name"/>
    <nomPostOr name="NOYALP3" typeId="name"/>
    <nomPostEx name="SETIEP3" typeId="name"/>
    <connecte>true</connecte>
    <creerDisjOr>true</creerDisjOr>
    <creerDisjEx>true</creerDisjEx>
    <hypVarLiais>
      <hypothese type="61" xsi:type="HypoModifVarLiaison">
        <description/>
        <ouvrage name="NOYALL31SETIE" typeId="name"/>
        <resistance>0.000000</resistance>
        <reactance>0.000000</reactance>
        <demiSusceptOr>0.000000</demiSusceptOr>
        <demiSusceptEx>0.000000</demiSusceptEx>
        <conductOr>0.000000</conductOr>
        <conductEx>0.000000</conductEx>
        <saison>HIVER1</saison>
      </hypothese>
    </hypVarLiais>
  </hypothese>

  <hypothese type="52" xsi:type="HypoModifFixeLiaison">
    <applicIntervalle>
      <intervalle dateDeb="15/06/2023 01:03" dateFin="31/12/3000 23:59"/>
      <restriction heureDeb="0" heureFin="0" minuteDeb="0" minuteFin="0"/>
    </applicIntervalle>
    <description/>
    <ouvrage name="NOYALL31SETIE" typeId="name"/>
    <seuilsSaisons>
      <seuilsSaison saison="ETE">
        <seuils imap="680.000000">
          <seuil position="0" tempo="60" valeur="1360.000000"/>
        </seuils>
      </seuilsSaison>
      <seuilsSaison saison="INTERSAISON1">
        <seuils imap="680.000000">
          <seuil position="0" tempo="60" valeur="1360.000000"/>
        </seuils>
      </seuilsSaison>
      <seuilsSaison saison="INTERSAISON2">
        <seuils imap="800.000000">
          <seuil position="0" tempo="60" valeur="1600.000000"/>
        </seuils>
      </seuilsSaison>
      <seuilsSaison saison="HIVER1">
        <seuils imap="800.000000">
          <seuil position="0" tempo="60" valeur="1600.000000"/>
        </seuils>
      </seuilsSaison>
      <seuilsSaison saison="HIVER2">
        <seuils imap="800.000000">
          <seuil position="0" tempo="60" valeur="1600.000000"/>
        </seuils>
      </seuilsSaison>
    </seuilsSaisons>
    <supprimerDephaseur>false</supprimerDephaseur>
  </hypothese>

  <hypothese type="13" xsi:type="HypoSupprPoste">
    <applicIntervalle>
      <intervalle dateDeb="15/06/2023 00:10" dateFin="31/12/3000 23:59"/>
      <restriction heureDeb="0" heureFin="0" minuteDeb="0" minuteFin="0"/>
    </applicIntervalle>
    <description/>
    <ouvrage name="ZNEU5P3" typeId="name"/>
  </hypothese>

  <hypothese type="61" xsi:type="HypoModifVarLiaison">
    <applicIntervalle>
      <intervalle dateDeb="15/06/2023 01:01" dateFin="31/12/3000 23:59"/>
      <restriction heureDeb="0" heureFin="0" minuteDeb="0" minuteFin="0"/>
    </applicIntervalle>
    <description/>
    <ouvrage name="NOYALL31SETIE" typeId="name"/>
    <resistance>0.610000</resistance>
    <reactance>2.580000</reactance>
    <demiSusceptOr>1236.750046</demiSusceptOr>
    <demiSusceptEx>1236.750046</demiSusceptEx>
  </hypothese>

</hypoComplexe>
