<?xml version="1.0" encoding="ISO-8859-1" standalone="no" ?>
<hypoComplexe xmlns="http://www.rte-france.com/gsr" createur="gsradm" description="" dtCreation="13/10/2022 14:19" dtModif="13/10/2022 14:19" nom="Structure CDI LILLE des ouvrages ligne" type="19" xmlns:xsi="http://www.w3.org/2001/XMLSchema-instance">

  <hypothese type="52" xsi:type="HypoModifFixeLiaison">
    <applicIntervalle>
      <intervalle dateDeb="04/12/2020 01:30" dateFin="31/12/3000 23:59"/>
      <restriction heureDeb="0" heureFin="0" minuteDeb="0" minuteFin="0"/>
    </applicIntervalle>
    <description/>
    <ouvrage name="FAMARL31M.FAM" typeId="name"/>
    <seuilsSaisons>
      <seuilsSaison saison="ETE">
        <seuils imap="723.000000">
          <seuil position="0" tempo="60" valeur="950.000000"/>
        </seuils>
      </seuilsSaison>
      <seuilsSaison saison="INTERSAISON1">
        <seuils imap="787.000000">
          <seuil position="0" tempo="60" valeur="1046.000000"/>
        </seuils>
      </seuilsSaison>
      <seuilsSaison saison="INTERSAISON2">
        <seuils imap="787.000000">
          <seuil position="0" tempo="60" valeur="1046.000000"/>
        </seuils>
      </seuilsSaison>
      <seuilsSaison saison="HIVER1">
        <seuils imap="840.000000">
          <seuil position="0" tempo="60" valeur="1047.000000"/>
        </seuils>
      </seuilsSaison>
      <seuilsSaison saison="HIVER2">
        <seuils imap="910.000000">
          <seuil position="0" tempo="60" valeur="1047.000000"/>
        </seuils>
      </seuilsSaison>
    </seuilsSaisons>
    <supprimerDephaseur>false</supprimerDephaseur>
  </hypothese>

  <hypothese type="52" xsi:type="HypoModifFixeLiaison">
    <applicIntervalle>
      <intervalle dateDeb="12/02/2021 01:30" dateFin="31/12/3000 23:59"/>
      <restriction heureDeb="0" heureFin="0" minuteDeb="0" minuteFin="0"/>
    </applicIntervalle>
    <description/>
    <ouvrage name="THIERL31ZQUA5" typeId="name"/>
    <seuilsSaisons>
      <seuilsSaison saison="ETE">
        <seuils imap="845.000000">
          <seuil position="0" tempo="60" valeur="1169.000000"/>
        </seuils>
      </seuilsSaison>
      <seuilsSaison saison="INTERSAISON1">
        <seuils imap="919.000000">
          <seuil position="0" tempo="60" valeur="1266.000000"/>
        </seuils>
      </seuilsSaison>
      <seuilsSaison saison="INTERSAISON2">
        <seuils imap="919.000000">
          <seuil position="0" tempo="60" valeur="1266.000000"/>
        </seuils>
      </seuilsSaison>
      <seuilsSaison saison="HIVER1">
        <seuils imap="982.000000">
          <seuil position="0" tempo="60" valeur="1357.000000"/>
        </seuils>
      </seuilsSaison>
      <seuilsSaison saison="HIVER2">
        <seuils imap="1055.000000">
          <seuil position="0" tempo="60" valeur="1490.000000"/>
        </seuils>
      </seuilsSaison>
    </seuilsSaisons>
    <supprimerDephaseur>false</supprimerDephaseur>
  </hypothese>

  <hypothese type="52" xsi:type="HypoModifFixeLiaison">
    <applicIntervalle>
      <intervalle dateDeb="18/02/2021 01:30" dateFin="31/12/3000 23:59"/>
      <restriction heureDeb="0" heureFin="0" minuteDeb="0" minuteFin="0"/>
    </applicIntervalle>
    <description/>
    <ouvrage name="L.CHAL61S.DAM" typeId="name"/>
    <seuilsSaisons>
      <seuilsSaison saison="ETE">
        <seuils imap="731.000000">
          <seuil position="0" tempo="1200" valeur="731.000000"/>
          <seuil position="0" tempo="600" valeur="963.000000"/>
          <seuil position="0" tempo="60" valeur="1121.000000"/>
        </seuils>
      </seuilsSaison>
      <seuilsSaison saison="INTERSAISON1">
        <seuils imap="835.000000">
          <seuil position="0" tempo="1200" valeur="835.000000"/>
          <seuil position="0" tempo="600" valeur="1099.000000"/>
          <seuil position="0" tempo="60" valeur="1284.000000"/>
        </seuils>
      </seuilsSaison>
      <seuilsSaison saison="INTERSAISON2">
        <seuils imap="835.000000">
          <seuil position="0" tempo="1200" valeur="835.000000"/>
          <seuil position="0" tempo="600" valeur="1099.000000"/>
          <seuil position="0" tempo="60" valeur="1284.000000"/>
        </seuils>
      </seuilsSaison>
      <seuilsSaison saison="HIVER1">
        <seuils imap="930.000000">
          <seuil position="0" tempo="1200" valeur="930.000000"/>
          <seuil position="0" tempo="600" valeur="1187.000000"/>
          <seuil position="0" tempo="60" valeur="1378.000000"/>
        </seuils>
      </seuilsSaison>
      <seuilsSaison saison="HIVER2">
        <seuils imap="1017.000000">
          <seuil position="0" tempo="1200" valeur="1017.000000"/>
          <seuil position="0" tempo="600" valeur="1298.000000"/>
          <seuil position="0" tempo="60" valeur="1514.000000"/>
        </seuils>
      </seuilsSaison>
    </seuilsSaisons>
    <supprimerDephaseur>false</supprimerDephaseur>
  </hypothese>

  <hypothese type="52" xsi:type="HypoModifFixeLiaison">
    <applicIntervalle>
      <intervalle dateDeb="19/03/2021 01:30" dateFin="31/12/3000 23:59"/>
      <restriction heureDeb="0" heureFin="0" minuteDeb="0" minuteFin="0"/>
    </applicIntervalle>
    <description/>
    <ouvrage name="FAMARL31ZSOLE" typeId="name"/>
    <seuilsSaisons>
      <seuilsSaison saison="ETE">
        <seuils imap="593.000000">
          <seuil position="0" tempo="60" valeur="783.000000"/>
        </seuils>
      </seuilsSaison>
      <seuilsSaison saison="INTERSAISON1">
        <seuils imap="644.000000">
          <seuil position="0" tempo="60" valeur="850.000000"/>
        </seuils>
      </seuilsSaison>
      <seuilsSaison saison="INTERSAISON2">
        <seuils imap="644.000000">
          <seuil position="0" tempo="60" valeur="850.000000"/>
        </seuils>
      </seuilsSaison>
      <seuilsSaison saison="HIVER1">
        <seuils imap="687.000000">
          <seuil position="0" tempo="60" valeur="856.000000"/>
        </seuils>
      </seuilsSaison>
      <seuilsSaison saison="HIVER2">
        <seuils imap="744.000000">
          <seuil position="0" tempo="60" valeur="856.000000"/>
        </seuils>
      </seuilsSaison>
    </seuilsSaisons>
    <supprimerDephaseur>false</supprimerDephaseur>
  </hypothese>

  <hypothese type="52" xsi:type="HypoModifFixeLiaison">
    <applicIntervalle>
      <intervalle dateDeb="19/03/2021 01:30" dateFin="31/12/3000 23:59"/>
      <restriction heureDeb="0" heureFin="0" minuteDeb="0" minuteFin="0"/>
    </applicIntervalle>
    <description/>
    <ouvrage name="PERIZL31ZSOLE" typeId="name"/>
    <seuilsSaisons>
      <seuilsSaison saison="ETE">
        <seuils imap="845.000000">
          <seuil position="0" tempo="60" valeur="1169.000000"/>
        </seuils>
      </seuilsSaison>
      <seuilsSaison saison="INTERSAISON1">
        <seuils imap="919.000000">
          <seuil position="0" tempo="60" valeur="1224.000000"/>
        </seuils>
      </seuilsSaison>
      <seuilsSaison saison="INTERSAISON2">
        <seuils imap="919.000000">
          <seuil position="0" tempo="60" valeur="1224.000000"/>
        </seuils>
      </seuilsSaison>
      <seuilsSaison saison="HIVER1">
        <seuils imap="982.000000">
          <seuil position="0" tempo="60" valeur="1224.000000"/>
        </seuils>
      </seuilsSaison>
      <seuilsSaison saison="HIVER2">
        <seuils imap="1064.000000">
          <seuil position="0" tempo="60" valeur="1224.000000"/>
        </seuils>
      </seuilsSaison>
    </seuilsSaisons>
    <supprimerDephaseur>false</supprimerDephaseur>
  </hypothese>

  <hypothese type="52" xsi:type="HypoModifFixeLiaison">
    <applicIntervalle>
      <intervalle dateDeb="19/03/2021 01:30" dateFin="31/12/3000 23:59"/>
      <restriction heureDeb="0" heureFin="0" minuteDeb="0" minuteFin="0"/>
    </applicIntervalle>
    <description/>
    <ouvrage name="SOLESL31ZSOLE" typeId="name"/>
    <seuilsSaisons>
      <seuilsSaison saison="ETE">
        <seuils imap="620.000000">
          <seuil position="0" tempo="60" valeur="800.000000"/>
        </seuils>
      </seuilsSaison>
      <seuilsSaison saison="INTERSAISON1">
        <seuils imap="674.000000">
          <seuil position="0" tempo="60" valeur="872.000000"/>
        </seuils>
      </seuilsSaison>
      <seuilsSaison saison="INTERSAISON2">
        <seuils imap="674.000000">
          <seuil position="0" tempo="60" valeur="872.000000"/>
        </seuils>
      </seuilsSaison>
      <seuilsSaison saison="HIVER1">
        <seuils imap="700.000000">
          <seuil position="0" tempo="60" valeur="932.000000"/>
        </seuils>
      </seuilsSaison>
      <seuilsSaison saison="HIVER2">
        <seuils imap="725.000000">
          <seuil position="0" tempo="60" valeur="1000.000000"/>
        </seuils>
      </seuilsSaison>
    </seuilsSaisons>
    <supprimerDephaseur>false</supprimerDephaseur>
  </hypothese>

  <hypothese type="52" xsi:type="HypoModifFixeLiaison">
    <applicIntervalle>
      <intervalle dateDeb="02/04/2021 01:30" dateFin="31/12/3000 23:59"/>
      <restriction heureDeb="0" heureFin="0" minuteDeb="0" minuteFin="0"/>
    </applicIntervalle>
    <description/>
    <ouvrage name="ARGOEL72TERRI" typeId="name"/>
    <seuilsSaisons>
      <seuilsSaison saison="ETE">
        <seuils imap="3465.000000">
          <seuil position="0" tempo="1200" valeur="3465.000000"/>
          <seuil position="0" tempo="600" valeur="4593.000000"/>
          <seuil position="0" tempo="60" valeur="5361.000000"/>
        </seuils>
      </seuilsSaison>
      <seuilsSaison saison="INTERSAISON1">
        <seuils imap="3622.000000">
          <seuil position="0" tempo="1200" valeur="3622.000000"/>
          <seuil position="0" tempo="600" valeur="5016.000000"/>
          <seuil position="0" tempo="60" valeur="5400.000000"/>
        </seuils>
      </seuilsSaison>
      <seuilsSaison saison="INTERSAISON2">
        <seuils imap="3622.000000">
          <seuil position="0" tempo="1200" valeur="3622.000000"/>
          <seuil position="0" tempo="600" valeur="5016.000000"/>
          <seuil position="0" tempo="60" valeur="5400.000000"/>
        </seuils>
      </seuilsSaison>
      <seuilsSaison saison="HIVER1">
        <seuils imap="3780.000000">
          <seuil position="0" tempo="1200" valeur="3780.000000"/>
          <seuil position="0" tempo="600" valeur="5337.000000"/>
          <seuil position="0" tempo="60" valeur="5400.000000"/>
        </seuils>
      </seuilsSaison>
      <seuilsSaison saison="HIVER2">
        <seuils imap="4095.000000">
          <seuil position="0" tempo="1200" valeur="4095.000000"/>
          <seuil position="0" tempo="600" valeur="5400.000000"/>
          <seuil position="0" tempo="60" valeur="5400.000000"/>
        </seuils>
      </seuilsSaison>
    </seuilsSaisons>
    <supprimerDephaseur>false</supprimerDephaseur>
  </hypothese>

  <hypothese type="52" xsi:type="HypoModifFixeLiaison">
    <applicIntervalle>
      <intervalle dateDeb="28/04/2021 01:30" dateFin="31/12/3000 23:59"/>
      <restriction heureDeb="0" heureFin="0" minuteDeb="0" minuteFin="0"/>
    </applicIntervalle>
    <description/>
    <ouvrage name="CHOUYL31ZCHOU" typeId="name"/>
    <seuilsSaisons>
      <seuilsSaison saison="ETE">
        <seuils imap="289.000000">
          <seuil position="0" tempo="60" valeur="413.000000"/>
        </seuils>
      </seuilsSaison>
      <seuilsSaison saison="INTERSAISON1">
        <seuils imap="427.000000">
          <seuil position="0" tempo="60" valeur="606.000000"/>
        </seuils>
      </seuilsSaison>
      <seuilsSaison saison="INTERSAISON2">
        <seuils imap="427.000000">
          <seuil position="0" tempo="60" valeur="606.000000"/>
        </seuils>
      </seuilsSaison>
      <seuilsSaison saison="HIVER1">
        <seuils imap="531.000000">
          <seuil position="0" tempo="60" valeur="689.000000"/>
        </seuils>
      </seuilsSaison>
      <seuilsSaison saison="HIVER2">
        <seuils imap="603.000000">
          <seuil position="0" tempo="60" valeur="804.000000"/>
        </seuils>
      </seuilsSaison>
    </seuilsSaisons>
    <supprimerDephaseur>false</supprimerDephaseur>
  </hypothese>

  <hypothese type="52" xsi:type="HypoModifFixeLiaison">
    <applicIntervalle>
      <intervalle dateDeb="28/04/2021 01:30" dateFin="31/12/3000 23:59"/>
      <restriction heureDeb="0" heureFin="0" minuteDeb="0" minuteFin="0"/>
    </applicIntervalle>
    <description/>
    <ouvrage name="F.MANL31FOURM" typeId="name"/>
    <seuilsSaisons>
      <seuilsSaison saison="ETE">
        <seuils imap="650.000000">
          <seuil position="0" tempo="60" valeur="908.000000"/>
        </seuils>
      </seuilsSaison>
      <seuilsSaison saison="INTERSAISON1">
        <seuils imap="675.000000">
          <seuil position="0" tempo="60" valeur="908.000000"/>
        </seuils>
      </seuilsSaison>
      <seuilsSaison saison="INTERSAISON2">
        <seuils imap="675.000000">
          <seuil position="0" tempo="60" valeur="1000.000000"/>
        </seuils>
      </seuilsSaison>
      <seuilsSaison saison="HIVER1">
        <seuils imap="700.000000">
          <seuil position="0" tempo="60" valeur="1000.000000"/>
        </seuils>
      </seuilsSaison>
      <seuilsSaison saison="HIVER2">
        <seuils imap="725.000000">
          <seuil position="0" tempo="60" valeur="1000.000000"/>
        </seuils>
      </seuilsSaison>
    </seuilsSaisons>
    <supprimerDephaseur>false</supprimerDephaseur>
  </hypothese>

  <hypothese type="52" xsi:type="HypoModifFixeLiaison">
    <applicIntervalle>
      <intervalle dateDeb="14/05/2021 01:30" dateFin="31/12/3000 23:59"/>
      <restriction heureDeb="0" heureFin="0" minuteDeb="0" minuteFin="0"/>
    </applicIntervalle>
    <description/>
    <ouvrage name="ARGOEL73TERRI" typeId="name"/>
    <seuilsSaisons>
      <seuilsSaison saison="ETE">
        <seuils imap="1514.000000">
          <seuil position="0" tempo="1200" valeur="1514.000000"/>
          <seuil position="0" tempo="600" valeur="2104.000000"/>
          <seuil position="0" tempo="60" valeur="2482.000000"/>
        </seuils>
      </seuilsSaison>
      <seuilsSaison saison="INTERSAISON1">
        <seuils imap="1794.000000">
          <seuil position="0" tempo="1200" valeur="1794.000000"/>
          <seuil position="0" tempo="600" valeur="2516.000000"/>
          <seuil position="0" tempo="60" valeur="2996.000000"/>
        </seuils>
      </seuilsSaison>
      <seuilsSaison saison="INTERSAISON2">
        <seuils imap="1794.000000">
          <seuil position="0" tempo="1200" valeur="1794.000000"/>
          <seuil position="0" tempo="600" valeur="2516.000000"/>
          <seuil position="0" tempo="60" valeur="2996.000000"/>
        </seuils>
      </seuilsSaison>
      <seuilsSaison saison="HIVER1">
        <seuils imap="2100.000000">
          <seuil position="0" tempo="1200" valeur="2100.000000"/>
          <seuil position="0" tempo="600" valeur="2756.000000"/>
          <seuil position="0" tempo="60" valeur="3228.000000"/>
        </seuils>
      </seuilsSaison>
      <seuilsSaison saison="HIVER2">
        <seuils imap="2400.000000">
          <seuil position="0" tempo="1200" valeur="2400.000000"/>
          <seuil position="0" tempo="600" valeur="3162.000000"/>
          <seuil position="0" tempo="60" valeur="3718.000000"/>
        </seuils>
      </seuilsSaison>
    </seuilsSaisons>
    <supprimerDephaseur>false</supprimerDephaseur>
  </hypothese>

  <hypothese type="52" xsi:type="HypoModifFixeLiaison">
    <applicIntervalle>
      <intervalle dateDeb="24/06/2021 01:30" dateFin="31/12/3000 23:59"/>
      <restriction heureDeb="0" heureFin="0" minuteDeb="0" minuteFin="0"/>
    </applicIntervalle>
    <description/>
    <ouvrage name="AMIENL61ZARGO" typeId="name"/>
    <seuilsSaisons>
      <seuilsSaison saison="ETE">
        <seuils imap="639.000000">
          <seuil position="0" tempo="1200" valeur="639.000000"/>
          <seuil position="0" tempo="600" valeur="978.000000"/>
        </seuils>
      </seuilsSaison>
      <seuilsSaison saison="INTERSAISON1">
        <seuils imap="639.000000">
          <seuil position="0" tempo="1200" valeur="639.000000"/>
          <seuil position="0" tempo="600" valeur="978.000000"/>
        </seuils>
      </seuilsSaison>
      <seuilsSaison saison="INTERSAISON2">
        <seuils imap="745.000000">
          <seuil position="0" tempo="1200" valeur="745.000000"/>
          <seuil position="0" tempo="600" valeur="1140.000000"/>
        </seuils>
      </seuilsSaison>
      <seuilsSaison saison="HIVER1">
        <seuils imap="745.000000">
          <seuil position="0" tempo="1200" valeur="745.000000"/>
          <seuil position="0" tempo="600" valeur="1140.000000"/>
        </seuils>
      </seuilsSaison>
      <seuilsSaison saison="HIVER2">
        <seuils imap="745.000000">
          <seuil position="0" tempo="1200" valeur="745.000000"/>
          <seuil position="0" tempo="600" valeur="1140.000000"/>
        </seuils>
      </seuilsSaison>
    </seuilsSaisons>
    <supprimerDephaseur>false</supprimerDephaseur>
  </hypothese>

  <hypothese type="52" xsi:type="HypoModifFixeLiaison">
    <applicIntervalle>
      <intervalle dateDeb="15/07/2021 01:30" dateFin="27/10/2022 23:59"/>
      <restriction heureDeb="0" heureFin="0" minuteDeb="0" minuteFin="0"/>
    </applicIntervalle>
    <description/>
    <ouvrage name="BXTO5L61SETIE" typeId="name"/>
    <seuilsSaisons>
      <seuilsSaison saison="ETE">
        <seuils imap="899.000000">
          <seuil position="0" tempo="1200" valeur="899.000000"/>
          <seuil position="0" tempo="600" valeur="1153.000000"/>
          <seuil position="0" tempo="60" valeur="1332.000000"/>
        </seuils>
      </seuilsSaison>
      <seuilsSaison saison="INTERSAISON1">
        <seuils imap="984.000000">
          <seuil position="0" tempo="1200" valeur="984.000000"/>
          <seuil position="0" tempo="600" valeur="1257.000000"/>
          <seuil position="0" tempo="60" valeur="1457.000000"/>
        </seuils>
      </seuilsSaison>
      <seuilsSaison saison="INTERSAISON2">
        <seuils imap="984.000000">
          <seuil position="0" tempo="1200" valeur="984.000000"/>
          <seuil position="0" tempo="600" valeur="1257.000000"/>
          <seuil position="0" tempo="60" valeur="1457.000000"/>
        </seuils>
      </seuilsSaison>
      <seuilsSaison saison="HIVER1">
        <seuils imap="1061.000000">
          <seuil position="0" tempo="1200" valeur="1061.000000"/>
          <seuil position="0" tempo="600" valeur="1342.000000"/>
          <seuil position="0" tempo="60" valeur="1560.000000"/>
        </seuils>
      </seuilsSaison>
      <seuilsSaison saison="HIVER2">
        <seuils imap="1127.000000">
          <seuil position="0" tempo="1200" valeur="1127.000000"/>
          <seuil position="0" tempo="600" valeur="1440.000000"/>
          <seuil position="0" tempo="60" valeur="1600.000000"/>
        </seuils>
      </seuilsSaison>
    </seuilsSaisons>
    <supprimerDephaseur>false</supprimerDephaseur>
  </hypothese>

  <hypothese type="52" xsi:type="HypoModifFixeLiaison">
    <applicIntervalle>
      <intervalle dateDeb="23/07/2021 01:30" dateFin="31/12/3000 23:59"/>
      <restriction heureDeb="0" heureFin="0" minuteDeb="0" minuteFin="0"/>
    </applicIntervalle>
    <description/>
    <ouvrage name="G.SYNL61WARAN" typeId="name"/>
    <seuilsSaisons>
      <seuilsSaison saison="ETE">
        <seuils imap="1250.000000">
          <seuil position="0" tempo="1200" valeur="1250.000000"/>
          <seuil position="0" tempo="600" valeur="1425.000000"/>
          <seuil position="0" tempo="60" valeur="1600.000000"/>
        </seuils>
      </seuilsSaison>
      <seuilsSaison saison="INTERSAISON1">
        <seuils imap="1250.000000">
          <seuil position="0" tempo="1200" valeur="1250.000000"/>
          <seuil position="0" tempo="600" valeur="1425.000000"/>
          <seuil position="0" tempo="60" valeur="1600.000000"/>
        </seuils>
      </seuilsSaison>
      <seuilsSaison saison="INTERSAISON2">
        <seuils imap="1250.000000">
          <seuil position="0" tempo="1200" valeur="1250.000000"/>
          <seuil position="0" tempo="600" valeur="1425.000000"/>
          <seuil position="0" tempo="60" valeur="1600.000000"/>
        </seuils>
      </seuilsSaison>
      <seuilsSaison saison="HIVER1">
        <seuils imap="1250.000000">
          <seuil position="0" tempo="1200" valeur="1250.000000"/>
          <seuil position="0" tempo="600" valeur="1425.000000"/>
          <seuil position="0" tempo="60" valeur="1600.000000"/>
        </seuils>
      </seuilsSaison>
      <seuilsSaison saison="HIVER2">
        <seuils imap="1250.000000">
          <seuil position="0" tempo="1200" valeur="1250.000000"/>
          <seuil position="0" tempo="600" valeur="1425.000000"/>
          <seuil position="0" tempo="60" valeur="1600.000000"/>
        </seuils>
      </seuilsSaison>
    </seuilsSaisons>
    <supprimerDephaseur>false</supprimerDephaseur>
  </hypothese>

  <hypothese type="52" xsi:type="HypoModifFixeLiaison">
    <applicIntervalle>
      <intervalle dateDeb="25/11/2021 01:30" dateFin="31/12/3000 23:59"/>
      <restriction heureDeb="0" heureFin="0" minuteDeb="0" minuteFin="0"/>
    </applicIntervalle>
    <description/>
    <ouvrage name="AVELIL72MASTA" typeId="name"/>
    <seuilsSaisons>
      <seuilsSaison saison="ETE">
        <seuils imap="3465.000000">
          <seuil position="0" tempo="1200" valeur="3465.000000"/>
          <seuil position="0" tempo="600" valeur="4800.000000"/>
          <seuil position="0" tempo="60" valeur="4800.000000"/>
        </seuils>
      </seuilsSaison>
      <seuilsSaison saison="INTERSAISON1">
        <seuils imap="3622.000000">
          <seuil position="0" tempo="1200" valeur="3622.000000"/>
          <seuil position="0" tempo="600" valeur="4800.000000"/>
          <seuil position="0" tempo="60" valeur="4800.000000"/>
        </seuils>
      </seuilsSaison>
      <seuilsSaison saison="INTERSAISON2">
        <seuils imap="3622.000000">
          <seuil position="0" tempo="1200" valeur="3622.000000"/>
          <seuil position="0" tempo="600" valeur="4800.000000"/>
          <seuil position="0" tempo="60" valeur="4800.000000"/>
        </seuils>
      </seuilsSaison>
      <seuilsSaison saison="HIVER1">
        <seuils imap="3780.000000">
          <seuil position="0" tempo="1200" valeur="3780.000000"/>
          <seuil position="0" tempo="600" valeur="4800.000000"/>
          <seuil position="0" tempo="60" valeur="4800.000000"/>
        </seuils>
      </seuilsSaison>
      <seuilsSaison saison="HIVER2">
        <seuils imap="4095.000000">
          <seuil position="0" tempo="1200" valeur="4095.000000"/>
          <seuil position="0" tempo="600" valeur="4800.000000"/>
          <seuil position="0" tempo="60" valeur="4800.000000"/>
        </seuils>
      </seuilsSaison>
    </seuilsSaisons>
    <supprimerDephaseur>false</supprimerDephaseur>
  </hypothese>

  <hypothese type="52" xsi:type="HypoModifFixeLiaison">
    <applicIntervalle>
      <intervalle dateDeb="03/12/2021 01:30" dateFin="31/12/3000 23:59"/>
      <restriction heureDeb="0" heureFin="0" minuteDeb="0" minuteFin="0"/>
    </applicIntervalle>
    <description/>
    <ouvrage name="CROIXL61H.VIN" typeId="name"/>
    <seuilsSaisons>
      <seuilsSaison saison="ETE">
        <seuils imap="1273.000000">
          <seuil position="0" tempo="1200" valeur="1273.000000"/>
          <seuil position="0" tempo="600" valeur="1625.000000"/>
          <seuil position="0" tempo="60" valeur="1899.000000"/>
        </seuils>
      </seuilsSaison>
      <seuilsSaison saison="INTERSAISON1">
        <seuils imap="1346.000000">
          <seuil position="0" tempo="1200" valeur="1346.000000"/>
          <seuil position="0" tempo="600" valeur="1741.000000"/>
          <seuil position="0" tempo="60" valeur="2042.000000"/>
        </seuils>
      </seuilsSaison>
      <seuilsSaison saison="INTERSAISON2">
        <seuils imap="1346.000000">
          <seuil position="0" tempo="1200" valeur="1346.000000"/>
          <seuil position="0" tempo="600" valeur="1741.000000"/>
          <seuil position="0" tempo="60" valeur="2042.000000"/>
        </seuils>
      </seuilsSaison>
      <seuilsSaison saison="HIVER1">
        <seuils imap="1453.000000">
          <seuil position="0" tempo="1200" valeur="1453.000000"/>
          <seuil position="0" tempo="600" valeur="1842.000000"/>
          <seuil position="0" tempo="60" valeur="2162.000000"/>
        </seuils>
      </seuilsSaison>
      <seuilsSaison saison="HIVER2">
        <seuils imap="1541.000000">
          <seuil position="0" tempo="1200" valeur="1541.000000"/>
          <seuil position="0" tempo="600" valeur="1986.000000"/>
          <seuil position="0" tempo="60" valeur="2345.000000"/>
        </seuils>
      </seuilsSaison>
    </seuilsSaisons>
    <supprimerDephaseur>false</supprimerDephaseur>
  </hypothese>

  <hypothese type="52" xsi:type="HypoModifFixeLiaison">
    <applicIntervalle>
      <intervalle dateDeb="31/12/2021 01:30" dateFin="31/12/3000 23:59"/>
      <restriction heureDeb="0" heureFin="0" minuteDeb="0" minuteFin="0"/>
    </applicIntervalle>
    <description/>
    <ouvrage name="VALENL62ZQUAR" typeId="name"/>
    <seuilsSaisons>
      <seuilsSaison saison="ETE">
        <seuils imap="1273.000000">
          <seuil position="0" tempo="1200" valeur="1273.000000"/>
          <seuil position="0" tempo="600" valeur="1625.000000"/>
          <seuil position="0" tempo="60" valeur="1899.000000"/>
        </seuils>
      </seuilsSaison>
      <seuilsSaison saison="INTERSAISON1">
        <seuils imap="1346.000000">
          <seuil position="0" tempo="1200" valeur="1346.000000"/>
          <seuil position="0" tempo="600" valeur="1741.000000"/>
          <seuil position="0" tempo="60" valeur="2042.000000"/>
        </seuils>
      </seuilsSaison>
      <seuilsSaison saison="INTERSAISON2">
        <seuils imap="1346.000000">
          <seuil position="0" tempo="1200" valeur="1346.000000"/>
          <seuil position="0" tempo="600" valeur="1741.000000"/>
          <seuil position="0" tempo="60" valeur="2042.000000"/>
        </seuils>
      </seuilsSaison>
      <seuilsSaison saison="HIVER1">
        <seuils imap="1451.000000">
          <seuil position="0" tempo="1200" valeur="1451.000000"/>
          <seuil position="0" tempo="600" valeur="1842.000000"/>
          <seuil position="0" tempo="60" valeur="2162.000000"/>
        </seuils>
      </seuilsSaison>
      <seuilsSaison saison="HIVER2">
        <seuils imap="1538.000000">
          <seuil position="0" tempo="1200" valeur="1538.000000"/>
          <seuil position="0" tempo="600" valeur="1986.000000"/>
          <seuil position="0" tempo="60" valeur="2345.000000"/>
        </seuils>
      </seuilsSaison>
    </seuilsSaisons>
    <supprimerDephaseur>false</supprimerDephaseur>
  </hypothese>

  <hypothese type="52" xsi:type="HypoModifFixeLiaison">
    <applicIntervalle>
      <intervalle dateDeb="31/12/2021 01:30" dateFin="31/12/3000 23:59"/>
      <restriction heureDeb="0" heureFin="0" minuteDeb="0" minuteFin="0"/>
    </applicIntervalle>
    <description/>
    <ouvrage name="THIERL62ZQUAR" typeId="name"/>
    <seuilsSaisons>
      <seuilsSaison saison="ETE">
        <seuils imap="1273.000000">
          <seuil position="0" tempo="1200" valeur="1273.000000"/>
          <seuil position="0" tempo="600" valeur="1625.000000"/>
          <seuil position="0" tempo="60" valeur="1899.000000"/>
        </seuils>
      </seuilsSaison>
      <seuilsSaison saison="INTERSAISON1">
        <seuils imap="1346.000000">
          <seuil position="0" tempo="1200" valeur="1346.000000"/>
          <seuil position="0" tempo="600" valeur="1741.000000"/>
          <seuil position="0" tempo="60" valeur="2042.000000"/>
        </seuils>
      </seuilsSaison>
      <seuilsSaison saison="INTERSAISON2">
        <seuils imap="1346.000000">
          <seuil position="0" tempo="1200" valeur="1346.000000"/>
          <seuil position="0" tempo="600" valeur="1741.000000"/>
          <seuil position="0" tempo="60" valeur="2042.000000"/>
        </seuils>
      </seuilsSaison>
      <seuilsSaison saison="HIVER1">
        <seuils imap="1453.000000">
          <seuil position="0" tempo="1200" valeur="1453.000000"/>
          <seuil position="0" tempo="600" valeur="1842.000000"/>
          <seuil position="0" tempo="60" valeur="2162.000000"/>
        </seuils>
      </seuilsSaison>
      <seuilsSaison saison="HIVER2">
        <seuils imap="1541.000000">
          <seuil position="0" tempo="1200" valeur="1541.000000"/>
          <seuil position="0" tempo="600" valeur="1986.000000"/>
          <seuil position="0" tempo="60" valeur="2345.000000"/>
        </seuils>
      </seuilsSaison>
    </seuilsSaisons>
    <supprimerDephaseur>false</supprimerDephaseur>
  </hypothese>

  <hypothese type="52" xsi:type="HypoModifFixeLiaison">
    <applicIntervalle>
      <intervalle dateDeb="31/12/2021 01:30" dateFin="31/12/3000 23:59"/>
      <restriction heureDeb="0" heureFin="0" minuteDeb="0" minuteFin="0"/>
    </applicIntervalle>
    <description/>
    <ouvrage name="SSROCL62VERTE" typeId="name"/>
    <seuilsSaisons>
      <seuilsSaison saison="ETE">
        <seuils imap="566.000000">
          <seuil position="0" tempo="1200" valeur="566.000000"/>
          <seuil position="0" tempo="600" valeur="749.000000"/>
          <seuil position="0" tempo="60" valeur="855.000000"/>
        </seuils>
      </seuilsSaison>
      <seuilsSaison saison="INTERSAISON1">
        <seuils imap="692.000000">
          <seuil position="0" tempo="1200" valeur="692.000000"/>
          <seuil position="0" tempo="600" valeur="891.000000"/>
          <seuil position="0" tempo="60" valeur="1019.000000"/>
        </seuils>
      </seuilsSaison>
      <seuilsSaison saison="INTERSAISON2">
        <seuils imap="692.000000">
          <seuil position="0" tempo="1200" valeur="692.000000"/>
          <seuil position="0" tempo="600" valeur="891.000000"/>
          <seuil position="0" tempo="60" valeur="1019.000000"/>
        </seuils>
      </seuilsSaison>
      <seuilsSaison saison="HIVER1">
        <seuils imap="802.000000">
          <seuil position="0" tempo="1200" valeur="802.000000"/>
          <seuil position="0" tempo="600" valeur="990.000000"/>
          <seuil position="0" tempo="60" valeur="1123.000000"/>
        </seuils>
      </seuilsSaison>
      <seuilsSaison saison="HIVER2">
        <seuils imap="920.000000">
          <seuil position="0" tempo="1200" valeur="920.000000"/>
          <seuil position="0" tempo="600" valeur="1131.000000"/>
          <seuil position="0" tempo="60" valeur="1289.000000"/>
        </seuils>
      </seuilsSaison>
    </seuilsSaisons>
    <supprimerDephaseur>false</supprimerDephaseur>
  </hypothese>

  <hypothese type="52" xsi:type="HypoModifFixeLiaison">
    <applicIntervalle>
      <intervalle dateDeb="31/12/2021 01:30" dateFin="31/12/3000 23:59"/>
      <restriction heureDeb="0" heureFin="0" minuteDeb="0" minuteFin="0"/>
    </applicIntervalle>
    <description/>
    <ouvrage name="RIBEML31SETIE" typeId="name"/>
    <seuilsSaisons>
      <seuilsSaison saison="ETE">
        <seuils imap="990.000000">
          <seuil position="0" tempo="60" valeur="1300.000000"/>
        </seuils>
      </seuilsSaison>
      <seuilsSaison saison="INTERSAISON1">
        <seuils imap="990.000000">
          <seuil position="0" tempo="60" valeur="1300.000000"/>
        </seuils>
      </seuilsSaison>
      <seuilsSaison saison="INTERSAISON2">
        <seuils imap="990.000000">
          <seuil position="0" tempo="60" valeur="1300.000000"/>
        </seuils>
      </seuilsSaison>
      <seuilsSaison saison="HIVER1">
        <seuils imap="990.000000">
          <seuil position="0" tempo="60" valeur="1300.000000"/>
        </seuils>
      </seuilsSaison>
      <seuilsSaison saison="HIVER2">
        <seuils imap="990.000000">
          <seuil position="0" tempo="60" valeur="1300.000000"/>
        </seuils>
      </seuilsSaison>
    </seuilsSaisons>
    <supprimerDephaseur>false</supprimerDephaseur>
  </hypothese>

  <hypothese type="52" xsi:type="HypoModifFixeLiaison">
    <applicIntervalle>
      <intervalle dateDeb="31/12/2021 01:30" dateFin="31/12/3000 23:59"/>
      <restriction heureDeb="0" heureFin="0" minuteDeb="0" minuteFin="0"/>
    </applicIntervalle>
    <description/>
    <ouvrage name="QUAREL62ZQUAR" typeId="name"/>
    <seuilsSaisons>
      <seuilsSaison saison="ETE">
        <seuils imap="1273.000000">
          <seuil position="0" tempo="1200" valeur="1273.000000"/>
          <seuil position="0" tempo="600" valeur="1626.000000"/>
          <seuil position="0" tempo="60" valeur="1899.000000"/>
        </seuils>
      </seuilsSaison>
      <seuilsSaison saison="INTERSAISON1">
        <seuils imap="1346.000000">
          <seuil position="0" tempo="1200" valeur="1346.000000"/>
          <seuil position="0" tempo="600" valeur="1741.000000"/>
          <seuil position="0" tempo="60" valeur="2042.000000"/>
        </seuils>
      </seuilsSaison>
      <seuilsSaison saison="INTERSAISON2">
        <seuils imap="1346.000000">
          <seuil position="0" tempo="1200" valeur="1346.000000"/>
          <seuil position="0" tempo="600" valeur="1741.000000"/>
          <seuil position="0" tempo="60" valeur="2042.000000"/>
        </seuils>
      </seuilsSaison>
      <seuilsSaison saison="HIVER1">
        <seuils imap="1453.000000">
          <seuil position="0" tempo="1200" valeur="1453.000000"/>
          <seuil position="0" tempo="600" valeur="1842.000000"/>
          <seuil position="0" tempo="60" valeur="2162.000000"/>
        </seuils>
      </seuilsSaison>
      <seuilsSaison saison="HIVER2">
        <seuils imap="1541.000000">
          <seuil position="0" tempo="1200" valeur="1541.000000"/>
          <seuil position="0" tempo="600" valeur="1986.000000"/>
          <seuil position="0" tempo="60" valeur="2345.000000"/>
        </seuils>
      </seuilsSaison>
    </seuilsSaisons>
    <supprimerDephaseur>false</supprimerDephaseur>
  </hypothese>

  <hypothese type="52" xsi:type="HypoModifFixeLiaison">
    <applicIntervalle>
      <intervalle dateDeb="31/12/2021 01:30" dateFin="31/12/3000 23:59"/>
      <restriction heureDeb="0" heureFin="0" minuteDeb="0" minuteFin="0"/>
    </applicIntervalle>
    <description/>
    <ouvrage name="LONG9L42SSOME" typeId="name"/>
    <seuilsSaisons>
      <seuilsSaison saison="ETE">
        <seuils imap="1280.000000">
          <seuil position="0" tempo="60" valeur="1472.000000"/>
        </seuils>
      </seuilsSaison>
      <seuilsSaison saison="INTERSAISON1">
        <seuils imap="1280.000000">
          <seuil position="0" tempo="60" valeur="1472.000000"/>
        </seuils>
      </seuilsSaison>
      <seuilsSaison saison="INTERSAISON2">
        <seuils imap="1350.000000">
          <seuil position="0" tempo="60" valeur="1874.000000"/>
        </seuils>
      </seuilsSaison>
      <seuilsSaison saison="HIVER1">
        <seuils imap="1400.000000">
          <seuil position="0" tempo="60" valeur="1874.000000"/>
        </seuils>
      </seuilsSaison>
      <seuilsSaison saison="HIVER2">
        <seuils imap="1450.000000">
          <seuil position="0" tempo="60" valeur="1874.000000"/>
        </seuils>
      </seuilsSaison>
    </seuilsSaisons>
    <supprimerDephaseur>false</supprimerDephaseur>
  </hypothese>

  <hypothese type="52" xsi:type="HypoModifFixeLiaison">
    <applicIntervalle>
      <intervalle dateDeb="31/12/2021 01:30" dateFin="31/12/3000 23:59"/>
      <restriction heureDeb="0" heureFin="0" minuteDeb="0" minuteFin="0"/>
    </applicIntervalle>
    <description/>
    <ouvrage name="FOUILL42ZFOUI" typeId="name"/>
    <seuilsSaisons>
      <seuilsSaison saison="ETE">
        <seuils imap="563.000000">
          <seuil position="0" tempo="60" valeur="738.000000"/>
        </seuils>
      </seuilsSaison>
      <seuilsSaison saison="INTERSAISON1">
        <seuils imap="633.000000">
          <seuil position="0" tempo="60" valeur="819.000000"/>
        </seuils>
      </seuilsSaison>
      <seuilsSaison saison="INTERSAISON2">
        <seuils imap="633.000000">
          <seuil position="0" tempo="60" valeur="819.000000"/>
        </seuils>
      </seuilsSaison>
      <seuilsSaison saison="HIVER1">
        <seuils imap="689.000000">
          <seuil position="0" tempo="60" valeur="890.000000"/>
        </seuils>
      </seuilsSaison>
      <seuilsSaison saison="HIVER2">
        <seuils imap="741.000000">
          <seuil position="0" tempo="60" valeur="971.000000"/>
        </seuils>
      </seuilsSaison>
    </seuilsSaisons>
    <supprimerDephaseur>false</supprimerDephaseur>
  </hypothese>

  <hypothese type="52" xsi:type="HypoModifFixeLiaison">
    <applicIntervalle>
      <intervalle dateDeb="31/12/2021 01:30" dateFin="31/12/3000 23:59"/>
      <restriction heureDeb="0" heureFin="0" minuteDeb="0" minuteFin="0"/>
    </applicIntervalle>
    <description/>
    <ouvrage name="CHEVAL72LATEN" typeId="name"/>
    <seuilsSaisons>
      <seuilsSaison saison="ETE">
        <seuils imap="2366.000000">
          <seuil position="0" tempo="1200" valeur="2366.000000"/>
          <seuil position="0" tempo="600" valeur="3062.000000"/>
          <seuil position="0" tempo="60" valeur="3574.000000"/>
        </seuils>
      </seuilsSaison>
      <seuilsSaison saison="INTERSAISON1">
        <seuils imap="2596.000000">
          <seuil position="0" tempo="1200" valeur="2596.000000"/>
          <seuil position="0" tempo="600" valeur="3344.000000"/>
          <seuil position="0" tempo="60" valeur="3912.000000"/>
        </seuils>
      </seuilsSaison>
      <seuilsSaison saison="INTERSAISON2">
        <seuils imap="2596.000000">
          <seuil position="0" tempo="1200" valeur="2596.000000"/>
          <seuil position="0" tempo="600" valeur="3344.000000"/>
          <seuil position="0" tempo="60" valeur="3912.000000"/>
        </seuils>
      </seuilsSaison>
      <seuilsSaison saison="HIVER1">
        <seuils imap="2778.000000">
          <seuil position="0" tempo="1200" valeur="2778.000000"/>
          <seuil position="0" tempo="600" valeur="3558.000000"/>
          <seuil position="0" tempo="60" valeur="4174.000000"/>
        </seuils>
      </seuilsSaison>
      <seuilsSaison saison="HIVER2">
        <seuils imap="2960.000000">
          <seuil position="0" tempo="1200" valeur="2960.000000"/>
          <seuil position="0" tempo="600" valeur="3802.000000"/>
          <seuil position="0" tempo="60" valeur="4476.000000"/>
        </seuils>
      </seuilsSaison>
    </seuilsSaisons>
    <supprimerDephaseur>false</supprimerDephaseur>
  </hypothese>

  <hypothese type="52" xsi:type="HypoModifFixeLiaison">
    <applicIntervalle>
      <intervalle dateDeb="31/12/2021 01:30" dateFin="31/12/3000 23:59"/>
      <restriction heureDeb="0" heureFin="0" minuteDeb="0" minuteFin="0"/>
    </applicIntervalle>
    <description/>
    <ouvrage name="FAMARL32HURTE" typeId="name"/>
    <seuilsSaisons>
      <seuilsSaison saison="ETE">
        <seuils imap="723.000000">
          <seuil position="0" tempo="60" valeur="950.000000"/>
        </seuils>
      </seuilsSaison>
      <seuilsSaison saison="INTERSAISON1">
        <seuils imap="787.000000">
          <seuil position="0" tempo="60" valeur="1000.000000"/>
        </seuils>
      </seuilsSaison>
      <seuilsSaison saison="INTERSAISON2">
        <seuils imap="787.000000">
          <seuil position="0" tempo="60" valeur="1000.000000"/>
        </seuils>
      </seuilsSaison>
      <seuilsSaison saison="HIVER1">
        <seuils imap="840.000000">
          <seuil position="0" tempo="60" valeur="1000.000000"/>
        </seuils>
      </seuilsSaison>
      <seuilsSaison saison="HIVER2">
        <seuils imap="910.000000">
          <seuil position="0" tempo="60" valeur="1000.000000"/>
        </seuils>
      </seuilsSaison>
    </seuilsSaisons>
    <supprimerDephaseur>false</supprimerDephaseur>
  </hypothese>

  <hypothese type="52" xsi:type="HypoModifFixeLiaison">
    <applicIntervalle>
      <intervalle dateDeb="31/12/2021 01:30" dateFin="31/12/3000 23:59"/>
      <restriction heureDeb="0" heureFin="0" minuteDeb="0" minuteFin="0"/>
    </applicIntervalle>
    <description/>
    <ouvrage name="FAMARL31THIER" typeId="name"/>
    <seuilsSaisons>
      <seuilsSaison saison="ETE">
        <seuils imap="560.000000">
          <seuil position="0" tempo="60" valeur="560.000000"/>
        </seuils>
      </seuilsSaison>
      <seuilsSaison saison="INTERSAISON1">
        <seuils imap="644.000000">
          <seuil position="0" tempo="60" valeur="644.000000"/>
        </seuils>
      </seuilsSaison>
      <seuilsSaison saison="INTERSAISON2">
        <seuils imap="644.000000">
          <seuil position="0" tempo="60" valeur="644.000000"/>
        </seuils>
      </seuilsSaison>
      <seuilsSaison saison="HIVER1">
        <seuils imap="687.000000">
          <seuil position="0" tempo="60" valeur="687.000000"/>
        </seuils>
      </seuilsSaison>
      <seuilsSaison saison="HIVER2">
        <seuils imap="660.000000">
          <seuil position="0" tempo="60" valeur="660.000000"/>
        </seuils>
      </seuilsSaison>
    </seuilsSaisons>
    <supprimerDephaseur>false</supprimerDephaseur>
  </hypothese>

  <hypothese type="52" xsi:type="HypoModifFixeLiaison">
    <applicIntervalle>
      <intervalle dateDeb="31/12/2021 01:30" dateFin="31/12/3000 23:59"/>
      <restriction heureDeb="0" heureFin="0" minuteDeb="0" minuteFin="0"/>
    </applicIntervalle>
    <description/>
    <ouvrage name="FAMARL31HURTE" typeId="name"/>
    <seuilsSaisons>
      <seuilsSaison saison="ETE">
        <seuils imap="723.000000">
          <seuil position="0" tempo="60" valeur="950.000000"/>
        </seuils>
      </seuilsSaison>
      <seuilsSaison saison="INTERSAISON1">
        <seuils imap="787.000000">
          <seuil position="0" tempo="60" valeur="1046.000000"/>
        </seuils>
      </seuilsSaison>
      <seuilsSaison saison="INTERSAISON2">
        <seuils imap="787.000000">
          <seuil position="0" tempo="60" valeur="1046.000000"/>
        </seuils>
      </seuilsSaison>
      <seuilsSaison saison="HIVER1">
        <seuils imap="840.000000">
          <seuil position="0" tempo="60" valeur="1100.000000"/>
        </seuils>
      </seuilsSaison>
      <seuilsSaison saison="HIVER2">
        <seuils imap="910.000000">
          <seuil position="0" tempo="60" valeur="1150.000000"/>
        </seuils>
      </seuilsSaison>
    </seuilsSaisons>
    <supprimerDephaseur>false</supprimerDephaseur>
  </hypothese>

  <hypothese type="52" xsi:type="HypoModifFixeLiaison">
    <applicIntervalle>
      <intervalle dateDeb="31/12/2021 01:30" dateFin="31/12/3000 23:59"/>
      <restriction heureDeb="0" heureFin="0" minuteDeb="0" minuteFin="0"/>
    </applicIntervalle>
    <description/>
    <ouvrage name="ESTR6L61FAMAR" typeId="name"/>
    <seuilsSaisons>
      <seuilsSaison saison="ETE">
        <seuils imap="675.000000">
          <seuil position="0" tempo="1200" valeur="675.000000"/>
          <seuil position="0" tempo="600" valeur="893.000000"/>
          <seuil position="0" tempo="60" valeur="1040.000000"/>
        </seuils>
      </seuilsSaison>
      <seuilsSaison saison="INTERSAISON1">
        <seuils imap="771.000000">
          <seuil position="0" tempo="1200" valeur="771.000000"/>
          <seuil position="0" tempo="600" valeur="1022.000000"/>
          <seuil position="0" tempo="60" valeur="1195.000000"/>
        </seuils>
      </seuilsSaison>
      <seuilsSaison saison="INTERSAISON2">
        <seuils imap="771.000000">
          <seuil position="0" tempo="1200" valeur="771.000000"/>
          <seuil position="0" tempo="600" valeur="1022.000000"/>
          <seuil position="0" tempo="60" valeur="1195.000000"/>
        </seuils>
      </seuilsSaison>
      <seuilsSaison saison="HIVER1">
        <seuils imap="885.000000">
          <seuil position="0" tempo="1200" valeur="885.000000"/>
          <seuil position="0" tempo="600" valeur="1122.000000"/>
          <seuil position="0" tempo="60" valeur="1302.000000"/>
        </seuils>
      </seuilsSaison>
      <seuilsSaison saison="HIVER2">
        <seuils imap="990.000000">
          <seuil position="0" tempo="1200" valeur="990.000000"/>
          <seuil position="0" tempo="600" valeur="1254.000000"/>
          <seuil position="0" tempo="60" valeur="1462.000000"/>
        </seuils>
      </seuilsSaison>
    </seuilsSaisons>
    <supprimerDephaseur>false</supprimerDephaseur>
  </hypothese>

  <hypothese type="52" xsi:type="HypoModifFixeLiaison">
    <applicIntervalle>
      <intervalle dateDeb="31/12/2021 01:30" dateFin="31/12/3000 23:59"/>
      <restriction heureDeb="0" heureFin="0" minuteDeb="0" minuteFin="0"/>
    </applicIntervalle>
    <description/>
    <ouvrage name="ANSERL61PRRTT" typeId="name"/>
    <seuilsSaisons>
      <seuilsSaison saison="ETE">
        <seuils imap="1035.000000">
          <seuil position="0" tempo="1200" valeur="1035.000000"/>
          <seuil position="0" tempo="600" valeur="1585.000000"/>
          <seuil position="0" tempo="60" valeur="1899.000000"/>
        </seuils>
      </seuilsSaison>
      <seuilsSaison saison="INTERSAISON1">
        <seuils imap="1035.000000">
          <seuil position="0" tempo="1200" valeur="1035.000000"/>
          <seuil position="0" tempo="600" valeur="1585.000000"/>
          <seuil position="0" tempo="60" valeur="2000.000000"/>
        </seuils>
      </seuilsSaison>
      <seuilsSaison saison="INTERSAISON2">
        <seuils imap="1235.000000">
          <seuil position="0" tempo="1200" valeur="1235.000000"/>
          <seuil position="0" tempo="600" valeur="1741.000000"/>
          <seuil position="0" tempo="60" valeur="2000.000000"/>
        </seuils>
      </seuilsSaison>
      <seuilsSaison saison="HIVER1">
        <seuils imap="1235.000000">
          <seuil position="0" tempo="1200" valeur="1235.000000"/>
          <seuil position="0" tempo="600" valeur="1842.000000"/>
          <seuil position="0" tempo="60" valeur="2000.000000"/>
        </seuils>
      </seuilsSaison>
      <seuilsSaison saison="HIVER2">
        <seuils imap="1235.000000">
          <seuil position="0" tempo="1200" valeur="1235.000000"/>
          <seuil position="0" tempo="600" valeur="1895.000000"/>
          <seuil position="0" tempo="60" valeur="2000.000000"/>
        </seuils>
      </seuilsSaison>
    </seuilsSaisons>
    <supprimerDephaseur>false</supprimerDephaseur>
  </hypothese>

  <hypothese type="52" xsi:type="HypoModifFixeLiaison">
    <applicIntervalle>
      <intervalle dateDeb="31/12/2021 01:30" dateFin="31/12/3000 23:59"/>
      <restriction heureDeb="0" heureFin="0" minuteDeb="0" minuteFin="0"/>
    </applicIntervalle>
    <description/>
    <ouvrage name="ATTAQL62ZRUMI" typeId="name"/>
    <seuilsSaisons>
      <seuilsSaison saison="ETE">
        <seuils imap="1002.000000">
          <seuil position="0" tempo="1200" valeur="1002.000000"/>
          <seuil position="0" tempo="600" valeur="1255.000000"/>
          <seuil position="0" tempo="60" valeur="1452.000000"/>
        </seuils>
      </seuilsSaison>
      <seuilsSaison saison="INTERSAISON1">
        <seuils imap="1078.000000">
          <seuil position="0" tempo="1200" valeur="1078.000000"/>
          <seuil position="0" tempo="600" valeur="1351.000000"/>
          <seuil position="0" tempo="60" valeur="1569.000000"/>
        </seuils>
      </seuilsSaison>
      <seuilsSaison saison="INTERSAISON2">
        <seuils imap="1078.000000">
          <seuil position="0" tempo="1200" valeur="1078.000000"/>
          <seuil position="0" tempo="600" valeur="1351.000000"/>
          <seuil position="0" tempo="60" valeur="1569.000000"/>
        </seuils>
      </seuilsSaison>
      <seuilsSaison saison="HIVER1">
        <seuils imap="1130.000000">
          <seuil position="0" tempo="1200" valeur="1130.000000"/>
          <seuil position="0" tempo="600" valeur="1415.000000"/>
          <seuil position="0" tempo="60" valeur="1649.000000"/>
        </seuils>
      </seuilsSaison>
      <seuilsSaison saison="HIVER2">
        <seuils imap="1191.000000">
          <seuil position="0" tempo="1200" valeur="1191.000000"/>
          <seuil position="0" tempo="600" valeur="1517.000000"/>
          <seuil position="0" tempo="60" valeur="1779.000000"/>
        </seuils>
      </seuilsSaison>
    </seuilsSaisons>
    <supprimerDephaseur>false</supprimerDephaseur>
  </hypothese>

  <hypothese type="52" xsi:type="HypoModifFixeLiaison">
    <applicIntervalle>
      <intervalle dateDeb="31/12/2021 01:30" dateFin="31/12/3000 23:59"/>
      <restriction heureDeb="0" heureFin="0" minuteDeb="0" minuteFin="0"/>
    </applicIntervalle>
    <description/>
    <ouvrage name="AULNOL61P.SAM" typeId="name"/>
    <seuilsSaisons>
      <seuilsSaison saison="ETE">
        <seuils imap="975.000000">
          <seuil position="0" tempo="1200" valeur="975.000000"/>
          <seuil position="0" tempo="600" valeur="1232.000000"/>
          <seuil position="0" tempo="60" valeur="1425.000000"/>
        </seuils>
      </seuilsSaison>
      <seuilsSaison saison="INTERSAISON1">
        <seuils imap="1030.000000">
          <seuil position="0" tempo="1200" valeur="1030.000000"/>
          <seuil position="0" tempo="600" valeur="1318.000000"/>
          <seuil position="0" tempo="60" valeur="1532.000000"/>
        </seuils>
      </seuilsSaison>
      <seuilsSaison saison="INTERSAISON2">
        <seuils imap="1030.000000">
          <seuil position="0" tempo="1200" valeur="1030.000000"/>
          <seuil position="0" tempo="600" valeur="1318.000000"/>
          <seuil position="0" tempo="60" valeur="1532.000000"/>
        </seuils>
      </seuilsSaison>
      <seuilsSaison saison="HIVER1">
        <seuils imap="1110.000000">
          <seuil position="0" tempo="1200" valeur="1110.000000"/>
          <seuil position="0" tempo="600" valeur="1394.000000"/>
          <seuil position="0" tempo="60" valeur="1600.000000"/>
        </seuils>
      </seuilsSaison>
      <seuilsSaison saison="HIVER2">
        <seuils imap="1178.000000">
          <seuil position="0" tempo="1200" valeur="1178.000000"/>
          <seuil position="0" tempo="600" valeur="1504.000000"/>
          <seuil position="0" tempo="60" valeur="1600.000000"/>
        </seuils>
      </seuilsSaison>
    </seuilsSaisons>
    <supprimerDephaseur>false</supprimerDephaseur>
  </hypothese>

  <hypothese type="52" xsi:type="HypoModifFixeLiaison">
    <applicIntervalle>
      <intervalle dateDeb="31/12/2021 01:30" dateFin="31/12/3000 23:59"/>
      <restriction heureDeb="0" heureFin="0" minuteDeb="0" minuteFin="0"/>
    </applicIntervalle>
    <description/>
    <ouvrage name="BLOCAL41BZBEL" typeId="name"/>
    <seuilsSaisons>
      <seuilsSaison saison="ETE">
        <seuils imap="613.000000">
          <seuil position="0" tempo="60" valeur="796.000000"/>
        </seuils>
      </seuilsSaison>
      <seuilsSaison saison="INTERSAISON1">
        <seuils imap="666.000000">
          <seuil position="0" tempo="60" valeur="872.000000"/>
        </seuils>
      </seuilsSaison>
      <seuilsSaison saison="INTERSAISON2">
        <seuils imap="666.000000">
          <seuil position="0" tempo="60" valeur="872.000000"/>
        </seuils>
      </seuilsSaison>
      <seuilsSaison saison="HIVER1">
        <seuils imap="702.000000">
          <seuil position="0" tempo="60" valeur="923.000000"/>
        </seuils>
      </seuilsSaison>
      <seuilsSaison saison="HIVER2">
        <seuils imap="752.000000">
          <seuil position="0" tempo="60" valeur="1006.000000"/>
        </seuils>
      </seuilsSaison>
    </seuilsSaisons>
    <supprimerDephaseur>false</supprimerDephaseur>
  </hypothese>

  <hypothese type="52" xsi:type="HypoModifFixeLiaison">
    <applicIntervalle>
      <intervalle dateDeb="31/12/2021 01:30" dateFin="31/12/3000 23:59"/>
      <restriction heureDeb="0" heureFin="0" minuteDeb="0" minuteFin="0"/>
    </applicIntervalle>
    <description/>
    <ouvrage name="BLOCAL41FOUIL" typeId="name"/>
    <seuilsSaisons>
      <seuilsSaison saison="ETE">
        <seuils imap="563.000000">
          <seuil position="0" tempo="60" valeur="738.000000"/>
        </seuils>
      </seuilsSaison>
      <seuilsSaison saison="INTERSAISON1">
        <seuils imap="633.000000">
          <seuil position="0" tempo="60" valeur="819.000000"/>
        </seuils>
      </seuilsSaison>
      <seuilsSaison saison="INTERSAISON2">
        <seuils imap="633.000000">
          <seuil position="0" tempo="60" valeur="819.000000"/>
        </seuils>
      </seuilsSaison>
      <seuilsSaison saison="HIVER1">
        <seuils imap="689.000000">
          <seuil position="0" tempo="60" valeur="890.000000"/>
        </seuils>
      </seuilsSaison>
      <seuilsSaison saison="HIVER2">
        <seuils imap="725.000000">
          <seuil position="0" tempo="60" valeur="971.000000"/>
        </seuils>
      </seuilsSaison>
    </seuilsSaisons>
    <supprimerDephaseur>false</supprimerDephaseur>
  </hypothese>

  <hypothese type="52" xsi:type="HypoModifFixeLiaison">
    <applicIntervalle>
      <intervalle dateDeb="31/12/2021 01:30" dateFin="31/12/3000 23:59"/>
      <restriction heureDeb="0" heureFin="0" minuteDeb="0" minuteFin="0"/>
    </applicIntervalle>
    <description/>
    <ouvrage name="BLOCAL42ZAUMA" typeId="name"/>
    <seuilsSaisons>
      <seuilsSaison saison="ETE">
        <seuils imap="641.000000">
          <seuil position="0" tempo="60" valeur="820.000000"/>
        </seuils>
      </seuilsSaison>
      <seuilsSaison saison="INTERSAISON1">
        <seuils imap="697.000000">
          <seuil position="0" tempo="60" valeur="895.000000"/>
        </seuils>
      </seuilsSaison>
      <seuilsSaison saison="INTERSAISON2">
        <seuils imap="697.000000">
          <seuil position="0" tempo="60" valeur="895.000000"/>
        </seuils>
      </seuilsSaison>
      <seuilsSaison saison="HIVER1">
        <seuils imap="734.000000">
          <seuil position="0" tempo="60" valeur="945.000000"/>
        </seuils>
      </seuilsSaison>
      <seuilsSaison saison="HIVER2">
        <seuils imap="787.000000">
          <seuil position="0" tempo="60" valeur="1024.000000"/>
        </seuils>
      </seuilsSaison>
    </seuilsSaisons>
    <supprimerDephaseur>false</supprimerDephaseur>
  </hypothese>

  <hypothese type="52" xsi:type="HypoModifFixeLiaison">
    <applicIntervalle>
      <intervalle dateDeb="31/12/2021 01:30" dateFin="31/12/3000 23:59"/>
      <restriction heureDeb="0" heureFin="0" minuteDeb="0" minuteFin="0"/>
    </applicIntervalle>
    <description/>
    <ouvrage name="BLOCAL42ZFOUI" typeId="name"/>
    <seuilsSaisons>
      <seuilsSaison saison="ETE">
        <seuils imap="563.000000">
          <seuil position="0" tempo="60" valeur="738.000000"/>
        </seuils>
      </seuilsSaison>
      <seuilsSaison saison="INTERSAISON1">
        <seuils imap="633.000000">
          <seuil position="0" tempo="60" valeur="819.000000"/>
        </seuils>
      </seuilsSaison>
      <seuilsSaison saison="INTERSAISON2">
        <seuils imap="633.000000">
          <seuil position="0" tempo="60" valeur="819.000000"/>
        </seuils>
      </seuilsSaison>
      <seuilsSaison saison="HIVER1">
        <seuils imap="687.000000">
          <seuil position="0" tempo="60" valeur="890.000000"/>
        </seuils>
      </seuilsSaison>
      <seuilsSaison saison="HIVER2">
        <seuils imap="725.000000">
          <seuil position="0" tempo="60" valeur="971.000000"/>
        </seuils>
      </seuilsSaison>
    </seuilsSaisons>
    <supprimerDephaseur>false</supprimerDephaseur>
  </hypothese>

  <hypothese type="52" xsi:type="HypoModifFixeLiaison">
    <applicIntervalle>
      <intervalle dateDeb="31/12/2021 01:30" dateFin="31/12/3000 23:59"/>
      <restriction heureDeb="0" heureFin="0" minuteDeb="0" minuteFin="0"/>
    </applicIntervalle>
    <description/>
    <ouvrage name="CROIXL62ROU.N" typeId="name"/>
    <seuilsSaisons>
      <seuilsSaison saison="ETE">
        <seuils imap="215.000000">
          <seuil position="0" tempo="1200" valeur="215.000000"/>
          <seuil position="0" tempo="600" valeur="215.000000"/>
          <seuil position="0" tempo="60" valeur="215.000000"/>
        </seuils>
      </seuilsSaison>
      <seuilsSaison saison="INTERSAISON1">
        <seuils imap="215.000000">
          <seuil position="0" tempo="1200" valeur="215.000000"/>
          <seuil position="0" tempo="600" valeur="215.000000"/>
          <seuil position="0" tempo="60" valeur="215.000000"/>
        </seuils>
      </seuilsSaison>
      <seuilsSaison saison="INTERSAISON2">
        <seuils imap="330.000000">
          <seuil position="0" tempo="1200" valeur="330.000000"/>
          <seuil position="0" tempo="600" valeur="330.000000"/>
          <seuil position="0" tempo="60" valeur="330.000000"/>
        </seuils>
      </seuilsSaison>
      <seuilsSaison saison="HIVER1">
        <seuils imap="330.000000">
          <seuil position="0" tempo="1200" valeur="330.000000"/>
          <seuil position="0" tempo="600" valeur="330.000000"/>
          <seuil position="0" tempo="60" valeur="330.000000"/>
        </seuils>
      </seuilsSaison>
      <seuilsSaison saison="HIVER2">
        <seuils imap="330.000000">
          <seuil position="0" tempo="1200" valeur="330.000000"/>
          <seuil position="0" tempo="600" valeur="330.000000"/>
          <seuil position="0" tempo="60" valeur="330.000000"/>
        </seuils>
      </seuilsSaison>
    </seuilsSaisons>
    <supprimerDephaseur>false</supprimerDephaseur>
  </hypothese>

  <hypothese type="52" xsi:type="HypoModifFixeLiaison">
    <applicIntervalle>
      <intervalle dateDeb="31/12/2021 01:30" dateFin="31/12/3000 23:59"/>
      <restriction heureDeb="0" heureFin="0" minuteDeb="0" minuteFin="0"/>
    </applicIntervalle>
    <description/>
    <ouvrage name="FAMARL31HORDA" typeId="name"/>
    <seuilsSaisons>
      <seuilsSaison saison="ETE">
        <seuils imap="620.000000">
          <seuil position="0" tempo="60" valeur="802.000000"/>
        </seuils>
      </seuilsSaison>
      <seuilsSaison saison="INTERSAISON1">
        <seuils imap="674.000000">
          <seuil position="0" tempo="60" valeur="872.000000"/>
        </seuils>
      </seuilsSaison>
      <seuilsSaison saison="INTERSAISON2">
        <seuils imap="674.000000">
          <seuil position="0" tempo="60" valeur="872.000000"/>
        </seuils>
      </seuilsSaison>
      <seuilsSaison saison="HIVER1">
        <seuils imap="719.000000">
          <seuil position="0" tempo="60" valeur="932.000000"/>
        </seuils>
      </seuilsSaison>
      <seuilsSaison saison="HIVER2">
        <seuils imap="779.000000">
          <seuil position="0" tempo="60" valeur="1014.000000"/>
        </seuils>
      </seuilsSaison>
    </seuilsSaisons>
    <supprimerDephaseur>false</supprimerDephaseur>
  </hypothese>

  <hypothese type="52" xsi:type="HypoModifFixeLiaison">
    <applicIntervalle>
      <intervalle dateDeb="06/01/2022 01:30" dateFin="31/12/3000 23:59"/>
      <restriction heureDeb="0" heureFin="0" minuteDeb="0" minuteFin="0"/>
    </applicIntervalle>
    <description/>
    <ouvrage name="DUVY L31RUSSY" typeId="name"/>
    <seuilsSaisons>
      <seuilsSaison saison="ETE">
        <seuils imap="650.000000">
          <seuil position="0" tempo="60" valeur="862.000000"/>
        </seuils>
      </seuilsSaison>
      <seuilsSaison saison="INTERSAISON1">
        <seuils imap="675.000000">
          <seuil position="0" tempo="60" valeur="862.000000"/>
        </seuils>
      </seuilsSaison>
      <seuilsSaison saison="INTERSAISON2">
        <seuils imap="675.000000">
          <seuil position="0" tempo="60" valeur="862.000000"/>
        </seuils>
      </seuilsSaison>
      <seuilsSaison saison="HIVER1">
        <seuils imap="700.000000">
          <seuil position="0" tempo="60" valeur="862.000000"/>
        </seuils>
      </seuilsSaison>
      <seuilsSaison saison="HIVER2">
        <seuils imap="725.000000">
          <seuil position="0" tempo="60" valeur="862.000000"/>
        </seuils>
      </seuilsSaison>
    </seuilsSaisons>
    <supprimerDephaseur>false</supprimerDephaseur>
  </hypothese>

  <hypothese type="52" xsi:type="HypoModifFixeLiaison">
    <applicIntervalle>
      <intervalle dateDeb="12/01/2022 01:30" dateFin="31/12/3000 23:59"/>
      <restriction heureDeb="0" heureFin="0" minuteDeb="0" minuteFin="0"/>
    </applicIntervalle>
    <description/>
    <ouvrage name="DUVY L32RUSSY" typeId="name"/>
    <seuilsSaisons>
      <seuilsSaison saison="ETE">
        <seuils imap="765.000000">
          <seuil position="0" tempo="60" valeur="1078.000000"/>
        </seuils>
      </seuilsSaison>
      <seuilsSaison saison="INTERSAISON1">
        <seuils imap="863.000000">
          <seuil position="0" tempo="60" valeur="1164.000000"/>
        </seuils>
      </seuilsSaison>
      <seuilsSaison saison="INTERSAISON2">
        <seuils imap="863.000000">
          <seuil position="0" tempo="60" valeur="1164.000000"/>
        </seuils>
      </seuilsSaison>
      <seuilsSaison saison="HIVER1">
        <seuils imap="941.000000">
          <seuil position="0" tempo="60" valeur="1164.000000"/>
        </seuils>
      </seuilsSaison>
      <seuilsSaison saison="HIVER2">
        <seuils imap="1012.000000">
          <seuil position="0" tempo="60" valeur="1164.000000"/>
        </seuils>
      </seuilsSaison>
    </seuilsSaisons>
    <supprimerDephaseur>false</supprimerDephaseur>
  </hypothese>

  <hypothese type="52" xsi:type="HypoModifFixeLiaison">
    <applicIntervalle>
      <intervalle dateDeb="23/02/2022 01:30" dateFin="31/12/3000 23:59"/>
      <restriction heureDeb="0" heureFin="0" minuteDeb="0" minuteFin="0"/>
    </applicIntervalle>
    <description/>
    <ouvrage name="FORTEL41G.SYN" typeId="name"/>
    <seuilsSaisons>
      <seuilsSaison saison="ETE">
        <seuils imap="395.000000">
          <seuil position="0" tempo="60" valeur="454.000000"/>
        </seuils>
      </seuilsSaison>
      <seuilsSaison saison="INTERSAISON1">
        <seuils imap="395.000000">
          <seuil position="0" tempo="60" valeur="454.000000"/>
        </seuils>
      </seuilsSaison>
      <seuilsSaison saison="INTERSAISON2">
        <seuils imap="479.000000">
          <seuil position="0" tempo="60" valeur="591.000000"/>
        </seuils>
      </seuilsSaison>
      <seuilsSaison saison="HIVER1">
        <seuils imap="504.000000">
          <seuil position="0" tempo="60" valeur="591.000000"/>
        </seuils>
      </seuilsSaison>
      <seuilsSaison saison="HIVER2">
        <seuils imap="514.000000">
          <seuil position="0" tempo="60" valeur="591.000000"/>
        </seuils>
      </seuilsSaison>
    </seuilsSaisons>
    <supprimerDephaseur>false</supprimerDephaseur>
  </hypothese>

  <hypothese type="52" xsi:type="HypoModifFixeLiaison">
    <applicIntervalle>
      <intervalle dateDeb="23/02/2022 01:30" dateFin="31/12/3000 23:59"/>
      <restriction heureDeb="0" heureFin="0" minuteDeb="0" minuteFin="0"/>
    </applicIntervalle>
    <description/>
    <ouvrage name="FORTEL42G.SYN" typeId="name"/>
    <seuilsSaisons>
      <seuilsSaison saison="ETE">
        <seuils imap="395.000000">
          <seuil position="0" tempo="60" valeur="454.000000"/>
        </seuils>
      </seuilsSaison>
      <seuilsSaison saison="INTERSAISON1">
        <seuils imap="395.000000">
          <seuil position="0" tempo="60" valeur="454.000000"/>
        </seuils>
      </seuilsSaison>
      <seuilsSaison saison="INTERSAISON2">
        <seuils imap="479.000000">
          <seuil position="0" tempo="60" valeur="591.000000"/>
        </seuils>
      </seuilsSaison>
      <seuilsSaison saison="HIVER1">
        <seuils imap="504.000000">
          <seuil position="0" tempo="60" valeur="591.000000"/>
        </seuils>
      </seuilsSaison>
      <seuilsSaison saison="HIVER2">
        <seuils imap="514.000000">
          <seuil position="0" tempo="60" valeur="591.000000"/>
        </seuils>
      </seuilsSaison>
    </seuilsSaisons>
    <supprimerDephaseur>false</supprimerDephaseur>
  </hypothese>

  <hypothese type="52" xsi:type="HypoModifFixeLiaison">
    <applicIntervalle>
      <intervalle dateDeb="04/03/2022 01:30" dateFin="31/12/3000 23:59"/>
      <restriction heureDeb="0" heureFin="0" minuteDeb="0" minuteFin="0"/>
    </applicIntervalle>
    <description/>
    <ouvrage name="ANSTAL41ORCHI" typeId="name"/>
    <seuilsSaisons>
      <seuilsSaison saison="ETE">
        <seuils imap="467.000000">
          <seuil position="0" tempo="60" valeur="661.000000"/>
        </seuils>
      </seuilsSaison>
      <seuilsSaison saison="INTERSAISON1">
        <seuils imap="558.000000">
          <seuil position="0" tempo="60" valeur="779.000000"/>
        </seuils>
      </seuilsSaison>
      <seuilsSaison saison="INTERSAISON2">
        <seuils imap="558.000000">
          <seuil position="0" tempo="60" valeur="796.000000"/>
        </seuils>
      </seuilsSaison>
      <seuilsSaison saison="HIVER1">
        <seuils imap="647.000000">
          <seuil position="0" tempo="60" valeur="861.000000"/>
        </seuils>
      </seuilsSaison>
      <seuilsSaison saison="HIVER2">
        <seuils imap="744.000000">
          <seuil position="0" tempo="60" valeur="861.000000"/>
        </seuils>
      </seuilsSaison>
    </seuilsSaisons>
    <supprimerDephaseur>false</supprimerDephaseur>
  </hypothese>

  <hypothese type="52" xsi:type="HypoModifFixeLiaison">
    <applicIntervalle>
      <intervalle dateDeb="17/06/2022 01:30" dateFin="31/12/3000 23:59"/>
      <restriction heureDeb="0" heureFin="0" minuteDeb="0" minuteFin="0"/>
    </applicIntervalle>
    <description/>
    <ouvrage name=".AVELL71MASTA" typeId="name"/>
    <seuilsSaisons>
      <seuilsSaison saison="ETE">
        <seuils imap="4131.000000">
          <seuil position="0" tempo="1200" valeur="4131.000000"/>
          <seuil position="0" tempo="600" valeur="5200.000000"/>
          <seuil position="0" tempo="60" valeur="6372.000000"/>
        </seuils>
      </seuilsSaison>
      <seuilsSaison saison="INTERSAISON1">
        <seuils imap="4386.000000">
          <seuil position="0" tempo="1200" valeur="4386.000000"/>
          <seuil position="0" tempo="600" valeur="5600.000000"/>
          <seuil position="0" tempo="60" valeur="6780.000000"/>
        </seuils>
      </seuilsSaison>
      <seuilsSaison saison="INTERSAISON2">
        <seuils imap="4386.000000">
          <seuil position="0" tempo="1200" valeur="4386.000000"/>
          <seuil position="0" tempo="600" valeur="5600.000000"/>
          <seuil position="0" tempo="60" valeur="6780.000000"/>
        </seuils>
      </seuilsSaison>
      <seuilsSaison saison="HIVER1">
        <seuils imap="4641.000000">
          <seuil position="0" tempo="1200" valeur="4641.000000"/>
          <seuil position="0" tempo="600" valeur="6000.000000"/>
          <seuil position="0" tempo="60" valeur="7155.000000"/>
        </seuils>
      </seuilsSaison>
      <seuilsSaison saison="HIVER2">
        <seuils imap="4917.000000">
          <seuil position="0" tempo="1200" valeur="4917.000000"/>
          <seuil position="0" tempo="600" valeur="6400.000000"/>
          <seuil position="0" tempo="60" valeur="7600.000000"/>
        </seuils>
      </seuilsSaison>
    </seuilsSaisons>
    <supprimerDephaseur>false</supprimerDephaseur>
  </hypothese>

  <hypothese type="16" xsi:type="HypoSupprLiaison">
    <applicIntervalle>
      <intervalle dateDeb="24/06/2022 00:00" dateFin="31/12/3000 23:59"/>
      <restriction heureDeb="0" heureFin="0" minuteDeb="0" minuteFin="0"/>
    </applicIntervalle>
    <description/>
    <ouvrage name="MTVARL61ZCP.M" typeId="name"/>
  </hypothese>

  <hypothese type="52" xsi:type="HypoModifFixeLiaison">
    <applicIntervalle>
      <intervalle dateDeb="31/12/2022 01:30" dateFin="31/12/3000 23:59"/>
      <restriction heureDeb="0" heureFin="0" minuteDeb="0" minuteFin="0"/>
    </applicIntervalle>
    <description/>
    <ouvrage name="CROIXL61ROU.N" typeId="name"/>
    <seuilsSaisons>
      <seuilsSaison saison="ETE">
        <seuils imap="215.000000">
          <seuil position="0" tempo="1200" valeur="215.000000"/>
          <seuil position="0" tempo="600" valeur="215.000000"/>
          <seuil position="0" tempo="60" valeur="215.000000"/>
        </seuils>
      </seuilsSaison>
      <seuilsSaison saison="INTERSAISON1">
        <seuils imap="215.000000">
          <seuil position="0" tempo="1200" valeur="215.000000"/>
          <seuil position="0" tempo="600" valeur="215.000000"/>
          <seuil position="0" tempo="60" valeur="215.000000"/>
        </seuils>
      </seuilsSaison>
      <seuilsSaison saison="INTERSAISON2">
        <seuils imap="330.000000">
          <seuil position="0" tempo="1200" valeur="330.000000"/>
          <seuil position="0" tempo="600" valeur="330.000000"/>
          <seuil position="0" tempo="60" valeur="330.000000"/>
        </seuils>
      </seuilsSaison>
      <seuilsSaison saison="HIVER1">
        <seuils imap="330.000000">
          <seuil position="0" tempo="1200" valeur="330.000000"/>
          <seuil position="0" tempo="600" valeur="330.000000"/>
          <seuil position="0" tempo="60" valeur="330.000000"/>
        </seuils>
      </seuilsSaison>
      <seuilsSaison saison="HIVER2">
        <seuils imap="330.000000">
          <seuil position="0" tempo="1200" valeur="330.000000"/>
          <seuil position="0" tempo="600" valeur="330.000000"/>
          <seuil position="0" tempo="60" valeur="330.000000"/>
        </seuils>
      </seuilsSaison>
    </seuilsSaisons>
    <supprimerDephaseur>false</supprimerDephaseur>
  </hypothese>

  <hypothese type="10" xsi:type="HypoCreatLiaison">
    <applicIntervalle>
      <intervalle dateDeb="28/07/2023 01:00" dateFin="31/12/3000 23:59"/>
      <restriction heureDeb="0" heureFin="0" minuteDeb="0" minuteFin="0"/>
    </applicIntervalle>
    <description/>
    <ouvrage name="CZMELL31S.DAM" typeId="name"/>
    <sensDepartOr>0</sensDepartOr>
    <sensDepartEx>0</sensDepartEx>
    <seuilsSaisons>
      <seuilsSaison saison="ETE">
        <seuils imap="0.000000"/>
      </seuilsSaison>
      <seuilsSaison saison="INTERSAISON1">
        <seuils imap="0.000000"/>
      </seuilsSaison>
      <seuilsSaison saison="INTERSAISON2">
        <seuils imap="0.000000"/>
      </seuilsSaison>
      <seuilsSaison saison="HIVER1">
        <seuils imap="0.000000"/>
      </seuilsSaison>
      <seuilsSaison saison="HIVER2">
        <seuils imap="0.000000"/>
      </seuilsSaison>
    </seuilsSaisons>
    <supprimerDephaseur>false</supprimerDephaseur>
    <numOrdre>1</numOrdre>
    <sjbOr name="1.1" typeId="name"/>
    <sjbEx name="1" typeId="name"/>
    <nomPostOr name="CZMELP3" typeId="name"/>
    <nomPostEx name="S.DAMP3" typeId="name"/>
    <connecte>true</connecte>
    <creerDisjOr>true</creerDisjOr>
    <creerDisjEx>true</creerDisjEx>
    <hypVarLiais>
      <hypothese type="61" xsi:type="HypoModifVarLiaison">
        <description/>
        <ouvrage name="CZMELL31S.DAM" typeId="name"/>
        <resistance>0.000000</resistance>
        <reactance>0.000000</reactance>
        <demiSusceptOr>0.000000</demiSusceptOr>
        <demiSusceptEx>0.000000</demiSusceptEx>
        <conductOr>0.000000</conductOr>
        <conductEx>0.000000</conductEx>
        <saison>HIVER1</saison>
      </hypothese>
    </hypVarLiais>
  </hypothese>

</hypoComplexe>
