<?xml version="1.0" encoding="ISO-8859-1" standalone="no" ?>
<hypoComplexe xmlns="http://www.rte-france.com/gsr" createur="gsradm" description="" dtCreation="13/10/2022 14:20" dtModif="13/10/2022 14:20" nom="Decision LILLE D-DI-CDI-LIL-2017-431" type="151" xmlns:xsi="http://www.w3.org/2001/XMLSchema-instance">

  <hypothese type="8" xsi:type="HypoCreatGroupe">
    <applicIntervalle>
      <intervalle dateDeb="31/10/2021 02:00" dateFin="31/12/3000 23:59"/>
      <restriction heureDeb="0" heureFin="0" minuteDeb="0" minuteFin="0"/>
    </applicIntervalle>
    <description/>
    <ouvrage name="MTVARE01" typeId="name"/>
    <sensDepartOr>0</sensDepartOr>
    <type>0</type>
    <genre>9</genre>
    <rattachement>0</rattachement>
    <statut>1</statut>
    <xTransitoire>-9999.000000</xTransitoire>
    <xTransfo>0.000000</xTransfo>
    <qMaxPMax>0.000000</qMaxPMax>
    <qMaxPMin>0.000000</qMaxPMin>
    <qMinPMax>0.000000</qMinPMax>
    <qMinPMin>0.000000</qMinPMin>
    <uMax>245.000000</uMax>
    <uMin>210.000000</uMin>
    <pMax>66.000000</pMax>
    <pMin>0.000000</pMin>
    <statismeRPF>4.000000</statismeRPF>
    <nomPoste name="MTVARP6" typeId="name"/>
    <sjb name="1" typeId="name"/>
    <disj2>false</disj2>
    <connecte>true</connecte>
    <hypVarGroupe>
      <hypothese type="65" xsi:type="HypoModifVarGroupe">
        <description/>
        <ouvrage name="MTVARE01" typeId="name"/>
        <pMax>66.000000</pMax>
        <pMin>0.000000</pMin>
        <pLim>66.000000</pLim>
        <consTensStator>225.000000</consTensStator>
        <statismeRPF>4.000000</statismeRPF>
        <consPuissEff>0.000000</consPuissEff>
        <pImposee>-9999.000000</pImposee>
      </hypothese>
    </hypVarGroupe>
  </hypothese>

  <hypothese type="56" xsi:type="HypoModifFixeGroupe">
    <applicIntervalle>
      <intervalle dateDeb="31/10/2021 02:01" dateFin="31/10/2037 23:59"/>
      <restriction heureDeb="0" heureFin="0" minuteDeb="0" minuteFin="0"/>
    </applicIntervalle>
    <description/>
    <ouvrage name="MTVARE01" typeId="name"/>
    <xTransitoire>305.526306</xTransitoire>
    <xTransfo>67.500000</xTransfo>
    <qMaxPMax>19.200001</qMaxPMax>
    <qMaxPMin>18.000000</qMaxPMin>
    <qMinPMax>-21.000000</qMinPMax>
    <qMinPMin>-16.799999</qMinPMin>
    <uMax>245.000000</uMax>
    <uMin>200.000000</uMin>
    <pMax>66.000000</pMax>
    <pMin>0.000000</pMin>
  </hypothese>

</hypoComplexe>
